0.0,F5,2,m
0.125,A5,2,m
0.3333333333333333,F5,2,m
0.5,E5,2,m
0.6666666666666666,D5,2,m
0.875,A4,2,m
1.0,F5,2,m
1.125,A5,2,m
1.3333333333333333,F5,2,m
1.5,E5,2,m
1.6666666666666667,D5,2,m
1.875,A4,2,m
2.0,F5,2,m
2.125,A5,2,m
2.3333333333333335,F5,2,m
2.5,E5,2,m
2.6666666666666665,D5,2,m
2.875,A4,2,m
3.0,F5,2,m
3.125,A5,5,M
3.3333333333333335,F5,5,M
3.5,E5,5,M
3.6666666666666665,D5,5,M
3.875,A4,5,M
4.0,F5 B-3,5,M
4.125,A5 B-3,5,M
4.25,B-3,5,M
4.333333333333333,F5 B-3,5,M
4.458333333333333,B-3,5,M
4.5,E5 B-3,5,M
4.625,B-3,5,M
4.666666666666667,D5 B-3,5,M
4.791666666666667,B-3,5,M
4.875,A4 B-3,5,M
5.0,F5 B-3,5,M
5.125,A5 B-3,5,M
5.25,B-3,5,M
5.333333333333333,F5 B-3,5,M
5.458333333333333,B-3,5,M
5.5,E5 B-3,5,M
5.625,B-3,5,M
5.666666666666667,D5 B-3,5,M
5.75,D5,5,M
5.875,A4,5,M
6.0,F5 B3,5,M
6.125,A5 B3,5,M
6.25,B3,5,M
6.333333333333333,F5 B3,5,M
6.458333333333333,B3,5,M
6.5,E5 B3,5,M
6.625,B3,5,M
6.666666666666667,D5 B3,5,M
6.791666666666667,B3,5,M
6.875,A4 B3,5,M
7.0,F5 B3,5,M
7.125,A5 B3,5,M
7.25,B3,5,M
7.333333333333333,F5 B3,5,M
7.458333333333333,B3,5,M
7.5,E5 B3,5,M
7.625,B3,5,M
7.666666666666667,D5 B3,5,M
7.75,D5,5,M
7.875,A4,5,M
8.0,F5 C3 C4,5,M
8.125,A5 C3 C4,5,M
8.25,C3 C4,5,M
8.333333333333334,F5 C3 C4,5,M
8.458333333333334,C3 C4,5,M
8.5,E5,5,M
8.666666666666666,D5,5,M
8.875,A4,5,M
9.0,F5 C4 F4 A4,5,M
9.125,A5 C4 F4 A4,5,M
9.25,C4 F4 A4,5,M
9.333333333333334,F5 C4 F4 A4,5,M
9.458333333333334,C4 F4 A4,5,M
9.5,E5 C4 F4 A4,5,M
9.625,C4 F4 A4,5,M
9.666666666666666,D5 C4 F4 A4,5,M
9.791666666666666,C4 F4 A4,5,M
9.875,A4,5,M
10.0,F5,5,M
10.125,A5,5,M
10.333333333333334,F5,5,M
10.5,D5,5,M
10.666666666666666,C5,5,M
10.875,A4,5,M
11.0,C5 B-3 E4 C3 G3,5,M
11.125,D5 B-3 E4 C3 G3,5,M
11.25,B-3 E4 C3 G3,5,M
11.333333333333334,C5 B-3 E4 C3 G3,5,M
11.458333333333334,B-3 E4 C3 G3,5,M
11.5,B-4 B-3 E4 C3 G3,5,M
11.625,B-3 E4 C3 G3,5,M
11.666666666666666,A4 B-3 E4 C3 G3,5,M
11.791666666666666,B-3 E4 C3 G3,5,M
11.875,G4,5,M
12.0,G4 A3 F2,5,M
12.125,B4 A3 F2,5,M
12.25,A3 F2,5,M
12.333333333333334,G4 A3 F2,5,M
12.458333333333334,A3 F2,5,M
12.5,F4 A3 F2,5,M
12.625,A3 F2,5,M
12.666666666666666,E4 A3 F2,5,M
12.791666666666666,A3 F2,5,M
12.875,C4,5,M
13.0,A3 C3,5,M
13.125,C4 C3,5,M
13.25,C3,5,M
13.333333333333334,A3 C3,5,M
13.458333333333334,C3,5,M
13.5,G3 C3,5,M
13.625,C3,5,M
13.666666666666666,F3 C3,5,M
13.791666666666666,C3,5,M
13.875,C3,5,M
14.0,A2,5,M
14.125,C3,5,M
14.333333333333334,A2,5,M
14.5,G2,5,M
14.666666666666666,F2,5,M
14.875,A2,5,M
15.0,C3,5,M
15.125,F3,5,M
15.25,A3,5,M
15.375,C4,5,M
15.5,F4,5,M
15.625,A4,5,M
15.75,C5,5,M
15.875,F5,5,M
16.0,A5,5,M
16.125,C6,5,M
16.333333333333332,A5,5,M
16.5,G5,5,M
16.666666666666668,F5,5,M
16.875,C5,5,M
17.0,A5,5,M
17.125,C6,5,M
17.333333333333332,A5,5,M
17.5,G5,5,M
17.666666666666668,F5,5,M
17.875,C5,5,M
18.0,A5,5,M
18.125,C6,5,M
18.333333333333332,A5,5,M
18.5,G5,5,M
18.666666666666668,F5,5,M
18.875,C5,5,M
19.0,A5,5,M
19.125,C6,5,M
19.333333333333332,A5,5,M
19.5,G5,5,M
19.666666666666668,F5,5,M
19.875,C5,5,M
20.0,A5 D4,5,M
20.125,C6 D4,5,M
20.25,D4,5,M
20.333333333333332,A5 D4,5,M
20.458333333333332,D4,5,M
20.5,G5 D4,5,M
20.625,D4,5,M
20.666666666666668,F5 D4,5,M
20.791666666666668,D4,5,M
20.875,C5 D4,5,M
21.0,A5 D4,5,M
21.125,C6 D4,9,M
21.25,D4,9,M
21.333333333333332,A5 D4,9,M
21.458333333333332,D4,9,M
21.5,G5 D4,9,M
21.625,D4,9,M
21.666666666666668,F5 D4,9,M
21.75,F5,9,M
21.875,C5,9,M
22.0,A5 E-4,9,M
22.125,C6 E-4,9,M
22.25,E-4,9,M
22.333333333333332,A5 E-4,9,M
22.458333333333332,E-4,9,M
22.5,G5 E-4,9,M
22.625,E-4,9,M
22.666666666666668,F5 E-4,9,M
22.791666666666668,E-4,9,M
22.875,C5 E-4,9,M
23.0,A5 E-4,9,M
23.125,C6 E-4,9,M
23.25,E-4,9,M
23.333333333333332,A5 E-4,9,M
23.458333333333332,E-4,9,M
23.5,G5 E-4,9,M
23.625,E-4,9,M
23.666666666666668,F5 E-4,9,M
23.75,F5,9,M
23.875,C5,9,M
24.0,A5 E3 E4,9,M
24.125,C#6 E3 E4,9,M
24.25,E3 E4,9,M
24.333333333333332,A5 E3 E4,9,M
24.458333333333332,E3 E4,9,M
24.5,G#5,9,M
24.666666666666668,F#5,9,M
24.875,C5,9,M
25.0,C6 E4 A4 C#5,9,M
25.125,E6 E4 A4 C#5,9,M
25.25,E4 A4 C#5,9,M
25.333333333333332,C6 E4 A4 C#5,9,M
25.458333333333332,E4 A4 C#5,9,M
25.5,B5 E4 A4 C#5,9,M
25.625,E4 A4 C#5,9,M
25.666666666666668,A5 E4 A4 C#5,9,M
25.791666666666668,E4 A4 C#5,9,M
25.875,E5,9,M
26.0,A5,9,M
26.125,C6,9,M
26.333333333333332,A5,9,M
26.5,F5,9,M
26.666666666666668,E5,9,M
26.875,C#5,9,M
27.0,E5 D4 G#4 E3 B3,9,M
27.125,F5 D4 G#4 E3 B3,9,M
27.25,D4 G#4 E3 B3,9,M
27.333333333333332,E5 D4 G#4 E3 B3,9,M
27.458333333333332,D4 G#4 E3 B3,9,M
27.5,D5 D4 G#4 E3 B3,9,M
27.625,D4 G#4 E3 B3,9,M
27.666666666666668,C#5 D4 G#4 E3 B3,9,M
27.791666666666668,D4 G#4 E3 B3,9,M
27.875,B4,9,M
28.0,C#5 C#4 A2,9,M
28.125,E5 C#4 A2,9,M
28.25,C#4 A2,9,M
28.333333333333332,C#5 C#4 A2,9,M
28.458333333333332,C#4 A2,9,M
28.5,B4 C#4 A2,9,M
28.625,C#4 A2,9,M
28.666666666666668,A4 C#4 A2,9,M
28.791666666666668,C#4 A2,9,M
28.875,E4,9,M
29.0,C#4 E3,9,M
29.125,E4 E3,9,M
29.25,E3,9,M
29.333333333333332,C#4 E3,9,M
29.458333333333332,E3,9,M
29.5,B3 E3,9,M
29.625,E3,9,M
29.666666666666668,A3 E3,9,M
29.791666666666668,E3,9,M
29.875,E3,9,M
30.0,C#3,9,M
30.125,E3,9,M
30.333333333333332,C#3,9,M
30.5,B2,9,M
30.666666666666668,A2,9,M
30.875,C#3,9,M
31.0,E3,9,M
31.125,A3,9,M
31.25,C#4,9,M
31.375,E4,9,M
31.5,A4,9,M
31.625,C#5,9,M
31.75,E5,9,M
31.875,A5,9,M
32.0,F4,9,M
32.125,A4,9,M
32.333333333333336,F4,9,M
32.5,E4,9,M
32.666666666666664,D4,9,M
32.875,A3,9,M
33.0,F4,9,M
33.125,A4,9,M
33.333333333333336,F4,9,M
33.5,E4,9,M
33.666666666666664,D4,9,M
33.875,A3,9,M
34.0,F4,9,M
34.125,A4,9,M
34.333333333333336,F4,9,M
34.5,E4,9,M
34.666666666666664,D4,9,M
34.875,A3,9,M
35.0,F4,9,M
35.125,A4,2,m
35.333333333333336,F4,2,m
35.5,E4,2,m
35.666666666666664,D4,2,m
35.875,A3,2,m
36.0,A6 F4 A4 A5,2,m
36.125,A6 A4 A5,2,m
36.25,A6 A4 A5,2,m
36.333333333333336,F4 A6 A4 A5,2,m
36.458333333333336,A6 A4 A5,2,m
36.5,A6 E4 A4 A5,2,m
36.625,A6 A4 A5,2,m
36.666666666666664,A6 D4 A4 A5,2,m
36.791666666666664,A6 A4 A5,2,m
36.875,A6 A3 A4 A5,2,m
37.0,A6 F4 A4 A5,2,m
37.125,A6 A4 A5,2,m
37.25,A6 A4 A5,2,m
37.333333333333336,F4 A6 A4 A5,2,m
37.458333333333336,A6 A4 A5,2,m
37.5,A6 E4 A4 A5,2,m
37.625,A6 A4 A5,2,m
37.666666666666664,A6 D4 A4 A5,2,m
37.75,D4,2,m
37.875,A3,2,m
38.0,B-6 F4 B-4 B-5,2,m
38.125,B-6 A4 B-4 B-5,2,m
38.25,B-6 B-4 B-5,2,m
38.333333333333336,F4 B-6 B-4 B-5,2,m
38.458333333333336,B-6 B-4 B-5,2,m
38.5,B-6 E4 B-4 B-5,2,m
38.625,B-6 B-4 B-5,2,m
38.666666666666664,B-6 D4 B-4 B-5,2,m
38.791666666666664,B-6 B-4 B-5,2,m
38.875,B-6 A3 B-4 B-5,2,m
39.0,B-6 F4 B-4 B-5,2,m
39.125,B-6 A4 B-4 B-5,2,m
39.25,B-6 B-4 B-5,2,m
39.333333333333336,F4 B-6 B-4 B-5,2,m
39.458333333333336,B-6 B-4 B-5,2,m
39.5,B-6 E4 B-4 B-5,2,m
39.625,B-6 B-4 B-5,2,m
39.666666666666664,B-6 D4 B-4 B-5,2,m
39.791666666666664,B-6 B-4 B-5,2,m
39.875,B-6 A3 B-4 B-5,2,m
40.0,B-6 G4 B-4 B-5,2,m
40.125,B-6 B-4 B-5,2,m
40.25,B-6 B-4 B-5,2,m
40.333333333333336,G4 B-6 B-4 B-5,2,m
40.458333333333336,B-6 B-4 B-5,2,m
40.5,B-6 F4 B-4 B-5,2,m
40.625,B-6 B-4 B-5,2,m
40.666666666666664,B-6 E4 B-4 B-5,2,m
40.791666666666664,B-6 B-4 B-5,2,m
40.875,B-6 A3 B-4 B-5,2,m
41.0,B-6 G4 B-4 B-5,2,m
41.125,B-6 B-4 B-5,2,m
41.25,B-6 B-4 B-5,2,m
41.333333333333336,G4 B-6 B-4 B-5,2,m
41.458333333333336,B-6 B-4 B-5,2,m
41.5,B-6 F4 B-4 B-5,2,m
41.625,B-6 B-4 B-5,2,m
41.666666666666664,B-6 E4 B-4 B-5,2,m
41.75,E4,2,m
41.875,A3,2,m
42.0,C#6 G4 C#4 C#5,2,m
42.125,C#6 B-4 C#4 C#5,2,m
42.25,C#6 C#4 C#5,2,m
42.333333333333336,G4 C#6 C#4 C#5,2,m
42.458333333333336,C#6 C#4 C#5,2,m
42.5,C#6 F4 C#4 C#5,2,m
42.625,C#6 C#4 C#5,2,m
42.666666666666664,C#6 E4 C#4 C#5,2,m
42.791666666666664,C#6 C#4 C#5,2,m
42.875,C#6 A3 C#4 C#5,2,m
43.0,C#6 G4 C#4 C#5,2,m
43.125,C#6 B-4 C#4 C#5,2,m
43.25,C#6 C#4 C#5,2,m
43.333333333333336,G4,2,m
43.5,E6 F4 E4 E5,2,m
43.625,E6 E4 E5,2,m
43.666666666666664,E6 E4 E5,2,m
43.791666666666664,E6 E4 E5,2,m
43.875,E6 A3 E4 E5,2,m
44.0,G6 E4 G4 G5,2,m
44.25,G6 C#5 G4 G5,2,m
44.375,G6 A4 C#5 G4 G5,2,m
44.5,G6 A4 G4 G5,2,m
44.625,G6 E4 G4 G5,2,m
44.75,G6 A3 E4 G4 G5,2,m
44.875,G6 A3 G4 G5,2,m
45.0,G6 E4 G4 G5,2,m
45.25,G6 C#5 G4 G5,2,m
45.375,G6 A4 C#5 G4 G5,2,m
45.5,G6 A4 G4 G5,2,m
45.625,G6 E4 G4 G5,2,m
45.75,A3 E4,2,m
45.875,A3,2,m
46.0,F6 D5 F4 F5,2,m
46.125,F6 A4 F4 F5,2,m
46.25,F6 F4 F5,2,m
46.333333333333336,F4 F6 F5,2,m
46.458333333333336,F6 F4 F5,2,m
46.5,F6 F4 F5,2,m
46.625,F6 F4 F5,2,m
46.666666666666664,F6 D4 F4 F5,2,m
46.791666666666664,F6 F4 F5,2,m
46.875,A3,2,m
47.0,F4,2,m
47.125,D5,2,m
47.333333333333336,A4,2,m
47.5,F4,2,m
47.666666666666664,D4,2,m
47.875,A3,2,m
48.0,F4,2,m
48.125,A4,2,m
48.333333333333336,F4,2,m
48.5,E4,2,m
48.666666666666664,D4,2,m
48.875,A3,2,m
49.0,F4,2,m
49.125,A4,2,m
49.333333333333336,F4,2,m
49.5,E4,2,m
49.666666666666664,D4,2,m
49.875,A3,2,m
50.0,F4,2,m
50.125,A4,2,m
50.333333333333336,F4,2,m
50.5,E4,2,m
50.666666666666664,D4,2,m
50.875,A3,2,m
51.0,F4,2,m
51.125,A4,2,m
51.333333333333336,F4,2,m
51.5,E4,2,m
51.666666666666664,D4,2,m
51.875,A3,2,m
52.0,A6 F4 A4 A5,2,m
52.125,A6 A4 A5,2,m
52.25,A6 A4 A5,2,m
52.333333333333336,F4 A6 A4 A5,2,m
52.458333333333336,A6 A4 A5,2,m
52.5,A6 E4 A4 A5,2,m
52.625,A6 A4 A5,2,m
52.666666666666664,A6 D4 A4 A5,2,m
52.791666666666664,A6 A4 A5,2,m
52.875,A6 A3 A4 A5,2,m
53.0,A6 F4 A4 A5,2,m
53.125,A6 A4 A5,2,m
53.25,A6 A4 A5,2,m
53.333333333333336,F4,2,m
53.5,A6 E4 A4 A5,2,m
53.625,A6 A4 A5,2,m
53.666666666666664,A6 D4 A4 A5,2,m
53.791666666666664,A6 A4 A5,2,m
53.875,A6 A3 A4 A5,2,m
54.0,G#6 F4 G#4 G#5,2,m
54.125,G#6 A4 G#4 G#5,2,m
54.25,G#6 G#4 G#5,2,m
54.333333333333336,F4 G#6 G#4 G#5,2,m
54.458333333333336,G#6 G#4 G#5,2,m
54.5,A6 E4 A4 A5,2,m
54.625,A6 A4 A5,2,m
54.666666666666664,A6 D4 A4 A5,2,m
54.791666666666664,A6 A4 A5,2,m
54.875,A6 A3 A4 A5,2,m
55.0,C7 F4 C5 C6,2,m
55.125,C7 A4 C5 C6,2,m
55.25,C7 C5 C6,2,m
55.333333333333336,F4 C7 C5 C6,2,m
55.458333333333336,C7 C5 C6,2,m
55.5,C7 E4 C5 C6,2,m
55.625,C7 C5 C6,2,m
55.666666666666664,D4,2,m
55.75,B-6 D4 B-4 B-5,2,m
55.791666666666664,B-6 B-4 B-5,2,m
55.875,B-6 A3 B-4 B-5,2,m
56.0,B-6 G4 B-4 B-5,2,m
56.125,B-6 B-4 B-5,2,m
56.25,B-6 B-4 B-5,2,m
56.333333333333336,G4 B-6 B-4 B-5,2,m
56.458333333333336,B-6 B-4 B-5,2,m
56.5,B-6 F4 B-4 B-5,2,m
56.625,B-6 B-4 B-5,2,m
56.666666666666664,B-6 E4 B-4 B-5,2,m
56.791666666666664,B-6 B-4 B-5,2,m
56.875,B-6 A3 B-4 B-5,2,m
57.0,B-6 G4 B-4 B-5,2,m
57.125,B-6 B-4 B-5,2,m
57.25,B-6 B-4 B-5,2,m
57.333333333333336,G4 B-6 B-4 B-5,2,m
57.458333333333336,B-6 B-4 B-5,2,m
57.5,B-6 F4 B-4 B-5,2,m
57.625,B-6 B-4 B-5,2,m
57.666666666666664,B-6 E4 B-4 B-5,2,m
57.791666666666664,B-6 B-4 B-5,2,m
57.875,B-6 A3 B-4 B-5,2,m
58.0,B-6 G4 B-4 B-5,2,m
58.125,B-6 B-4 B-5,2,m
58.25,B-6 B-4 B-5,2,m
58.333333333333336,G4 B-6 B-4 B-5,2,m
58.458333333333336,B-6 B-4 B-5,2,m
58.5,C6 F4 C4 C5,2,m
58.625,C6 C4 C5,2,m
58.666666666666664,C6 E4 C4 C5,2,m
58.791666666666664,C6 C4 C5,2,m
58.875,C6 A3 C4 C5,2,m
59.0,C#6 G4 C#4 C#5,2,m
59.125,C#6 B-4 C#4 C#5,2,m
59.25,C#6 C#4 C#5,2,m
59.333333333333336,G4 C#6 C#4 C#5,2,m
59.458333333333336,C#6 C#4 C#5,2,m
59.5,C#6 F4 C#4 C#5,2,m
59.625,C#6 C#4 C#5,2,m
59.666666666666664,E4,2,m
59.75,E6 E4 E5,2,m
59.791666666666664,E6 E4 E5,2,m
59.875,E6 A3 E4 E5,2,m
60.0,G6 E4 G4 G5,2,m
60.25,G6 C#5 G4 G5,2,m
60.375,G6 A4 C#5 G4 G5,2,m
60.5,G6 A4 G4 G5,2,m
60.625,G6 E4 G4 G5,2,m
60.75,G6 A3 E4 G4 G5,2,m
60.875,G6 A3 G4 G5,2,m
61.0,G6 E4 G4 G5,2,m
61.125,G6 C#5 E4 G4 G5,2,m
61.25,G6 A4 C#5 G4 G5,2,m
61.375,G6 A4 G4 G5,2,m
61.5,G6 E4 G4 G5,2,m
61.625,G6 A3 E4 G4 G5,2,m
61.75,D5 A3,2,m
61.875,A4,2,m
62.0,F6 F4 F5,2,m
62.125,F6 F4 F5,2,m
62.25,F6 D4 F4 F5,2,m
62.375,F6 A3 F4 F5,2,m
62.5,F4,2,m
62.75,A4,2,m
62.875,D5,2,m
63.0,A4,2,m
63.25,F4,2,m
63.375,D4,2,m
63.5,A3,2,m
64.0,C#2 C#3,2,m
65.0,F5 F6 F4,2,m
65.25,F5 F6 A4,2,m
65.375,F5 F6 F4 A4,2,m
65.5,F5 F6 F4,2,m
65.625,F5 F6 C#4,2,m
65.75,F5 F6 A3 C#4,2,m
65.875,F5 F6 A3,2,m
66.0,F5 F6 F4,2,m
66.25,F5 F6 A4,2,m
66.375,F5 F6 F4 A4,2,m
66.5,F5 F6 F4,2,m
66.625,F5 F6 C#4,2,m
66.75,F5 F6 A3 C#4,2,m
66.875,F5 F6 A3,2,m
67.0,F5 F6 F4,2,m
67.25,F5 F6 A4,2,m
67.375,F5 F6 F4 A4,2,m
67.5,F5 F6 F4,2,m
67.625,F5 F6 C#4,2,m
67.75,F5 F6 A3 C#4,2,m
67.875,F5 F6 A3,2,m
68.0,F5 F6 D2 D3,2,m
68.875,F5 F6,2,m
69.0,F5 F6 F4,2,m
69.125,F5 F6 A4,2,m
69.25,F5 F6,2,m
69.33333333333333,F5 F6 F4,2,m
69.45833333333333,F5 F6,2,m
69.5,F5 F6 E4,2,m
69.625,F5 F6,2,m
69.66666666666667,D4 F5 F6,2,m
69.75,D4,2,m
69.875,A3,2,m
70.0,F4,2,m
70.125,A4,2,m
70.33333333333333,F4,2,m
70.5,E4,2,m
70.66666666666667,D4,2,m
70.875,A3,2,m
71.0,F4,2,m
71.125,A4,2,m
71.33333333333333,F4,2,m
71.5,E4,2,m
71.66666666666667,D4,2,m
71.875,A3,2,m
72.0,C#2 C#3,2,m
73.0,F5 F6 F4,2,m
73.25,F5 F6 A4,2,m
73.375,F5 F6 F4 A4,2,m
73.5,F5 F6 F4,2,m
73.625,F5 F6 C#4,2,m
73.75,F5 F6 A3 C#4,2,m
73.875,F5 F6 A3,2,m
74.0,F5 F6 F4,2,m
74.25,F5 F6 A4,2,m
74.33333333333333,F5 F6 A4,2,m
74.375,F5 F6 F4 A4,2,m
74.5,F5 F6 F4,2,m
74.625,F5 F6 C#4,2,m
74.66666666666667,E5 E6 C#4,2,m
74.75,E5 E6 A3 C#4,2,m
74.875,E5 E6 A3,2,m
75.0,F5 F6 F4,2,m
75.25,F5 F6 A4,2,m
75.33333333333333,G5 G6 A4,2,m
75.375,G5 G6 F4 A4,2,m
75.5,G5 G6 F4,2,m
75.625,G5 G6 C#4,2,m
75.75,G5 G6 A3 C#4,2,m
75.83333333333333,C#4 A3,2,m
75.875,F5 F6 A3,2,m
76.0,F5 F6 D2 D3,2,m
76.875,F5 F6,2,m
77.0,F5 F6 F4,2,m
77.125,F5 F6 A4,2,m
77.25,F5 F6,2,m
77.33333333333333,F5 F6 F4,2,m
77.45833333333333,F5 F6,2,m
77.5,F5 F6 E4,2,m
77.625,F5 F6,2,m
77.66666666666667,D4 F5 F6,2,m
77.75,D4,2,m
77.875,A3,2,m
78.0,F4,2,m
78.125,A4,2,m
78.33333333333333,F4,2,m
78.5,E4,2,m
78.66666666666667,D4,2,m
78.875,A3,2,m
79.0,F4,2,m
79.125,A4,2,m
79.33333333333333,F4,2,m
79.5,E4,2,m
79.66666666666667,D4,2,m
79.875,A3,2,m
80.0,C#2 C#3,2,m
81.0,F6 F4 F5,2,m
81.25,F6 F4 F5 A4,1,M
81.375,F6 F4 F5 A4,1,M
81.5,F6 F4 F5,1,M
81.625,F6 F4 F5 D4,1,M
81.75,F6 F4 F5 A3 D4,1,M
81.875,F6 F4 F5 A3,1,M
82.0,F6 F4 F5,1,M
82.25,F6 F4 F5 A4,1,M
82.375,F6 F4 F5 A4,1,M
82.5,F6 F4 F5,1,M
82.625,F6 F4 F5 D4,1,M
82.75,A3 D4,1,M
82.875,A3,1,M
83.0,F6 F4 F5,1,M
83.25,F6 F4 F5 A4,1,M
83.375,F6 F4 F5 A4,1,M
83.5,F6 F4 F5,1,M
83.625,F6 F4 F5 D4,1,M
83.75,F6 F4 F5 A3 D4,1,M
83.875,A3,1,M
84.0,F6 F4 F5 C#2 C#3,1,M
85.0,F#6 F#4 F#5 F4,1,M
85.25,F#6 F#4 F#5 G#4,1,M
85.375,F#6 F#4 F#5 F4 G#4,1,M
85.5,F#6 F#4 F#5 F4,1,M
85.625,F#6 F#4 F#5 C#4,1,M
85.75,F#6 F#4 F#5 G#3 C#4,1,M
85.875,G#3,1,M
86.0,G#6 G#4 G#5 F4,1,M
86.25,G#6 G#4 G#5,1,M
86.375,G#6 G#4 G#5 F4,1,M
86.5,G#6 G#4 G#5 F4,1,M
86.625,G#6 G#4 G#5 C#4,1,M
86.75,G#6 G#4 G#5 G#3 C#4,1,M
86.875,G#3,1,M
87.0,B-6 B-4 B-5 F4,1,M
87.25,B-6 B-4 B-5 G#4,1,M
87.375,B-6 B-4 B-5 F4 G#4,1,M
87.5,B-6 B-4 B-5 F4,1,M
87.625,B-6 B-4 B-5 C#4,1,M
87.75,B-6 B-4 B-5 G#3 C#4,1,M
87.875,G#3,1,M
88.0,G#6 G#4 G#5 C#2 C#3,1,M
89.0,F#6 F#4 F#5,1,M
89.25,F#6 F#4 F#5 G#4,1,M
89.375,F#6 F#4 F#5 G#4,1,M
89.5,F#6 F#4 F#5,1,M
89.625,F#6 F#4 F#5 C4,1,M
89.75,F#6 F#4 F#5 G#3 C4,1,M
89.875,G#3,1,M
90.0,F6 F4 F5 F#4,1,M
90.125,F6 F4 F5 G#4 F#4,1,M
90.25,F6 F4 F5 F#4 G#4,1,M
90.375,F6 F4 F5 F#4,1,M
90.5,F6 F4 F5 C4,1,M
90.625,F6 F4 F5 G#3 C4,1,M
90.75,F6 F4 F5 F#4 G#3,1,M
90.875,F6 F4 F5 F#4,1,M
91.0,F6 F4 F5 G#4,1,M
91.125,F6 F4 F5 F#4 G#4,1,M
91.25,F6 F4 F5 F#4,1,M
91.33333333333333,F#4,1,M
91.375,C4,1,M
91.5,E6 E4 E5 G#3 C4,1,M
91.625,E6 E4 E5 G#3,1,M
91.75,E6 E4 E5,1,M
92.0,E5 E6 C#2 C#3,1,M
92.875,E5 E6,1,M
93.0,E5 E6 F#4,1,M
93.25,E5 E6 G#4,1,M
93.375,E5 E6 F#4 G#4,1,M
93.5,E5 E6 F#4,1,M
93.625,E5 E6 C4,1,M
93.75,G#3 C4,1,M
93.875,G#3,1,M
94.0,F5 F6 F#4,1,M
94.25,F5 F6 G#4,1,M
94.375,F5 F6 F#4 G#4,1,M
94.5,F5 F6 F#4,1,M
94.625,F5 F6 C#4,1,M
94.75,F5 F6 G#3 C#4,1,M
94.875,F5 F6 G#3,1,M
95.0,F5 F6 F#4,1,M
95.25,F5 F6 G#4,1,M
95.375,F5 F6 F#4 G#4,1,M
95.5,F5 F6 F#4,1,M
95.625,F5 F6 C#4,1,M
95.75,G#3 C#4,1,M
95.875,G#3,1,M
96.0,C#2 C#3,1,M
97.0,F6 F4 F5 F#4,1,M
97.25,F6 F4 F5 G#4,1,M
97.375,F6 F4 F5 F#4 G#4,1,M
97.5,F6 F4 F5 F#4,1,M
97.625,F6 F4 F5 C4,1,M
97.75,F6 F4 F5 G#3 C4,1,M
97.875,F6 F4 F5 G#3,1,M
98.0,F6 F4 F5 F#4,1,M
98.25,F6 F4 F5 G#4,1,M
98.375,F6 F4 F5 F#4 G#4,1,M
98.5,F6 F4 F5 F#4,1,M
98.625,F6 F4 F5 C4,1,M
98.75,G#3 C4,1,M
98.875,G#3,1,M
99.0,F6 F4 F5 F#4,1,M
99.25,F6 F4 F5 G#4,1,M
99.375,F6 F4 F5 F#4 G#4,1,M
99.5,F6 F4 F5 F#4,1,M
99.625,F6 F4 F5 C4,1,M
99.75,F6 F4 F5 G#3 C4,1,M
99.875,G#3,1,M
100.0,F#6 F#4 F#5 B-1 B-2,1,M
101.0,G#6 G#4 G#5 C#4,1,M
101.25,G#6 G#4 G#5 F#4,1,M
101.375,G#6 G#4 G#5 C#4 F#4,1,M
101.5,G#6 G#4 G#5 C#4,1,M
101.625,G#6 G#4 G#5 B-3,1,M
101.75,G#6 G#4 G#5 F#3 B-3,1,M
101.875,F#3,1,M
102.0,B-6 B-4 B-5 C#4,1,M
102.25,B-6 B-4 B-5 F#4,1,M
102.375,B-6 B-4 B-5 C#4 F#4,1,M
102.5,B-6 B-4 B-5 C#4,1,M
102.625,B-6 B-4 B-5 B-3,1,M
102.75,B-6 B-4 B-5 F#3 B-3,1,M
102.875,F#3,1,M
103.0,C7 C5 C6 C#4,1,M
103.25,C7 C5 C6 F#4,1,M
103.375,C7 C5 C6 C#4 F#4,1,M
103.5,C7 C5 C6 C#4,1,M
103.625,C7 C5 C6 B-3,1,M
103.75,C7 C5 C6 F#3 B-3,1,M
103.875,F#3,1,M
104.0,B-6 B-4 B-5 C2 C3,1,M
104.625,C2 C3,1,M
104.66666666666667,G#6 G#4 G#5 C2 C3,1,M
104.875,G#6 G#4 G#5,1,M
105.0,G#6 G#4 G#5 F#4,1,M
105.25,G#6 G#4 G#5,1,M
105.29166666666667,G#4,1,M
105.33333333333333,F#6 F#4 F#5 G#4,1,M
105.375,F#6 F#4 F#5 G#4,1,M
105.5,F#6 F#4 F#5,1,M
105.625,F#6 F#4 F#5 C4,1,M
105.75,F#6 F#4 F#5 G#3 C4,1,M
105.875,F#6 F#4 F#5 G#3,1,M
105.95833333333333,G#3,1,M
106.0,F#6 F#4 F#5,1,M
106.25,F#6 F#4 F#5 G#4,1,M
106.375,F#6 F#4 F#5 G#4,1,M
106.5,F#6 F#5 F#4,1,M
106.625,C4,1,M
106.66666666666667,F6 F4 F5 C4,1,M
106.75,F6 F4 F5 G#3 C4,1,M
106.875,F6 F4 F5 G#3,1,M
107.0,F6 F4 F5 F#4,1,M
107.25,F6 F4 F5 G#4,1,M
107.375,F6 F4 F5 F#4 G#4,1,M
107.5,F6 F4 F5 F#4,1,M
107.54166666666667,F#4,1,M
107.625,C4,1,M
107.66666666666667,E6 E4 E5 C4,1,M
107.75,E6 E4 E5 G#3 C4,1,M
107.875,E6 E4 E5 G#3,1,M
108.0,E6 E4 E5 C#2 C#3,1,M
108.125,C#2 C#3,1,M
109.0,G#4,1,M
109.25,G#4,1,M
109.375,G#4,1,M
109.5,G#4,1,M
109.625,C4,1,M
109.75,G#3 C4,1,M
109.875,G#3,1,M
110.0,F5 F6 F4,1,M
110.25,F5 F6 G#4,1,M
110.375,F5 F6 F4 G#4,1,M
110.5,F5 F6 F4,1,M
110.625,F5 F6 C#4,1,M
110.75,F5 F6 G#3 C#4,1,M
110.875,F5 F6 G#3,1,M
111.0,F5 F6 F4,1,M
111.25,F5 F6 G#4,1,M
111.375,F5 F6 F#4 G#4,1,M
111.5,F5 F6 F#4,1,M
111.625,F5 F6 D4,1,M
111.75,G#3 D4,1,M
111.875,G#3,1,M
112.0,D2 D3,1,M
113.0,F6 F4 F5,1,M
113.25,F6 F4 F5 G#4,1,M
113.375,F6 F4 F5 G#4,1,M
113.5,F6 F4 F5,1,M
113.625,F6 F4 F5 B3,1,M
113.75,F6 F4 F5 G#3 B3,1,M
113.875,F6 F4 F5 G#3,1,M
114.0,F6 F4 F5,1,M
114.25,F6 F4 F5 G#4,1,M
114.375,F6 F4 F5 G#4,1,M
114.5,F6 F4 F5,1,M
114.625,F6 F4 F5 B3,1,M
114.75,G#3 B3,1,M
114.875,G#3,1,M
115.0,F6 F4 F5,1,M
115.25,F6 F4 F5 G#4,?,?
115.375,F6 F4 F5 G#4,?,?
115.5,F6 F4 F5,?,?
115.625,F6 F4 F5 B3,?,?
115.75,F6 F4 F5 G#3 B3,?,?
115.875,G#3,?,?
116.0,A6 A5 A4 C2 C3,?,?
116.875,A6 A5 A4,?,?
117.0,A6 A5 A4 F4,?,?
117.25,A6 A5 A4,?,?
117.375,A6 A5 A4 F4,?,?
117.5,A6 A5 A4 F4,?,?
117.625,A6 A5 A4 C4,?,?
117.75,A6 A5 A4 G#3 C4,?,?
117.875,A6 A5 A4 G#3,?,?
118.0,A6 A5 A4 B-3,?,?
118.125,A6 A5 A4 B3,?,?
118.25,A6 A5 A4,?,?
118.33333333333333,A6 A5 A4 C4,?,?
118.45833333333333,A6 A5 A4,?,?
118.5,A6 A5 A4 C#4,?,?
118.625,A6 A5 A4 D4,?,?
118.75,A6 A5 A4 E-4,?,?
118.875,A6 A5 A4 E4,?,?
119.0,A6 A5 A4 F4,?,?
119.125,A6 A5 A4 F#4,?,?
119.45833333333333,A6 A5 A4,?,?
119.5,A6 A5 A4 G4,?,?
119.75,A6 A5 A4 G#4 G4,?,?
119.83333333333333,A6 A5 A4 G#4,?,?
120.0,A6 A4 A5 G#4,?,?
120.08333333333333,A6 A5 A4,?,?
120.125,A6 C5 A5,?,?
120.25,A6 A5,?,?
120.33333333333333,A6 A4 A5,?,?
120.45833333333333,A6 A5,?,?
120.5,A6 G4 A5,?,?
120.625,A6 A5,?,?
120.66666666666667,F4 A6 A5,?,?
120.79166666666667,A6 A5,?,?
120.875,C4 A5 A6,?,?
121.0,A5 A6 A4,?,?
121.125,C5 A5 A6,?,?
121.25,A5 A6,?,?
121.33333333333333,A4 A5 A6,?,?
121.45833333333333,A5 A6,?,?
121.5,G4 A5 A6,?,?
121.625,A5 A6,?,?
121.66666666666667,F4 A5 A6,?,?
121.79166666666667,A5 A6,?,?
121.875,C4 A5 A6,?,?
122.0,A4 A5 A6,?,?
122.125,C5 A5 A6,?,?
122.25,A5 A6,?,?
122.33333333333333,A4 A5 A6,?,?
122.45833333333333,A5 A6,?,?
122.5,G4 A5 A6,?,?
122.625,A5 A6,?,?
122.66666666666667,F4 A5 A6,?,?
122.79166666666667,A5 A6,?,?
122.875,C4 A5 A6,?,?
123.0,A4 A5 A6,?,?
123.125,C5 A5 A6,5,M
123.25,A5 A6,5,M
123.33333333333333,A5 A6 A4,5,M
123.375,A5 A6 A4,5,M
123.45833333333333,A5 A6,5,M
123.5,A5 A6 G4,5,M
123.625,A5 A6,5,M
123.66666666666667,F4 A5 A6,5,M
123.79166666666667,A5 A6,5,M
123.875,A5 A6 C4,5,M
124.0,A5 A6 B-4,5,M
124.25,C5 A5 A6,5,M
124.375,B-4 C5 A5 A6,5,M
124.5,B-4 A5 A6,5,M
124.625,E4 A5 A6,5,M
124.75,C4 E4 A5 A6,5,M
124.875,C4 A5 A6,5,M
125.0,C#4 A5 A6,5,M
125.25,D4 A5 A6,5,M
125.375,E-4 D4 A5 A6,5,M
125.5,E-4 A5 A6,5,M
125.625,E4 A5 A6,5,M
125.75,F4 E4 A5 A6,5,M
125.875,F4 A5 A6,5,M
126.0,F#4 A5 A6,5,M
126.25,G4 A5 A6,5,M
126.375,G#4 G4 A5 A6,5,M
126.5,A5 A6 G#4,5,M
126.54166666666667,A5 A6 G#4,5,M
126.625,A5 A6 A4,5,M
126.66666666666667,A4,5,M
126.75,B-4 A4,5,M
126.875,B-4 G5 G6,5,M
127.0,G5 G6 B4,5,M
127.125,C5 G5 G6,5,M
127.25,G5 G6,5,M
127.33333333333333,C#5 G5 G6,5,M
127.45833333333333,G5 G6,5,M
127.5,D5 G5 G6,5,M
127.625,G5 G6,5,M
127.66666666666667,E-5 G5 G6,5,M
127.75,G5 G6 E-5,5,M
127.79166666666667,G5 G6,5,M
127.875,E5,5,M
128.0,F5 F6,5,M
128.125,C6,5,M
128.33333333333334,A5,5,M
128.5,G5,5,M
128.66666666666666,F5,5,M
128.875,C5,5,M
129.0,A5,5,M
129.125,C6,5,M
129.33333333333334,A5,5,M
129.5,G5,5,M
129.66666666666666,F5,5,M
129.875,C5,5,M
130.0,A5,5,M
130.125,C6,5,M
130.33333333333334,A5,5,M
130.5,G5,5,M
130.66666666666666,F5,5,M
130.875,C5,5,M
131.0,A5,5,M
131.125,C6,9,m
131.33333333333334,A5,9,m
131.5,G5,9,m
131.66666666666666,F5,9,m
131.875,C5,9,m
132.0,A5 D4,9,m
132.125,C6 D4,9,m
132.25,D4,9,m
132.33333333333334,A5 D4,9,m
132.45833333333334,D4,9,m
132.5,G5 D4,9,m
132.625,D4,9,m
132.66666666666666,F5 D4,9,m
132.79166666666666,D4,9,m
132.875,C5 D4,9,m
133.0,A5 D4,9,m
133.125,C6 D4,9,m
133.25,D4,9,m
133.33333333333334,A5 D4,9,m
133.45833333333334,D4,9,m
133.5,G5 D4,9,m
133.625,D4,9,m
133.66666666666666,F5 D4,9,m
133.75,F5,9,m
133.875,C5,9,m
134.0,A5 E-4,9,m
134.125,C6 E-4,9,m
134.25,E-4,9,m
134.33333333333334,A5 E-4,9,m
134.45833333333334,E-4,9,m
134.5,G5 E-4,9,m
134.625,E-4,9,m
134.66666666666666,F5 E-4,9,m
134.79166666666666,E-4,9,m
134.875,C5 E-4,9,m
135.0,A5 E-4,9,m
135.125,C6 E-4,9,m
135.25,E-4,9,m
135.33333333333334,A5 E-4,9,m
135.45833333333334,E-4,9,m
135.5,G5 E-4,9,m
135.625,E-4,9,m
135.66666666666666,F5 E-4,9,m
135.75,F5,9,m
135.875,C5,9,m
136.0,A5 E3 E4,9,m
136.125,C6 E3 E4,9,m
136.25,E3 E4,9,m
136.33333333333334,A5 E3 E4,9,m
136.45833333333334,E3 E4,9,m
136.5,G5,9,m
136.66666666666666,F5,9,m
136.875,C5,9,m
137.0,C6 E4 A4 C5,9,m
137.125,E6 E4 A4 C5,9,m
137.25,E4 A4 C5,9,m
137.33333333333334,C6 E4 A4 C5,9,m
137.45833333333334,E4 A4 C5,9,m
137.5,B5 E4 A4 C5,9,m
137.625,E4 A4 C5,9,m
137.66666666666666,A5 E4 A4 C5,9,m
137.79166666666666,E4 A4 C5,9,m
137.875,E5,9,m
138.0,A5,9,m
138.125,C6,9,m
138.33333333333334,A5,9,m
138.5,F5,9,m
138.66666666666666,E5,9,m
138.875,C5,9,m
139.0,E5 D4 G#4 E3 B3,9,m
139.125,F5 D4 G#4 E3 B3,9,m
139.25,D4 G#4 E3 B3,9,m
139.33333333333334,E5 D4 G#4 E3 B3,9,m
139.45833333333334,D4 G#4 E3 B3,9,m
139.5,D5 D4 G#4 E3 B3,9,m
139.625,D4 G#4 E3 B3,9,m
139.66666666666666,C5 D4 G#4 E3 B3,9,m
139.79166666666666,D4 G#4 E3 B3,9,m
139.875,B4,9,m
140.0,C5 C4 A2,9,m
140.125,E5 C4 A2,9,m
140.25,C4 A2,9,m
140.33333333333334,C5 C4 A2,9,m
140.45833333333334,C4 A2,9,m
140.5,B4 C4 A2,9,m
140.625,C4 A2,9,m
140.66666666666666,A4 C4 A2,9,m
140.79166666666666,C4 A2,9,m
140.875,E4,9,m
141.0,C4 E3,9,m
141.125,E4 E3,9,m
141.25,E3,9,m
141.33333333333334,C4 E3,9,m
141.45833333333334,E3,9,m
141.5,B3 E3,9,m
141.625,E3,9,m
141.66666666666666,A3 E3,9,m
141.79166666666666,E3,9,m
141.875,E3,9,m
142.0,C3,9,m
142.125,E3,9,m
142.33333333333334,C3,9,m
142.5,B2,9,m
142.66666666666666,A2,9,m
142.875,C3,9,m
143.0,E3,9,m
143.125,A3,9,m
143.25,C4,9,m
143.375,E4,9,m
143.5,A4,9,m
143.625,C5,9,m
143.75,E5,9,m
143.875,A5,9,m
144.0,C6,9,m
144.125,E6,9,m
144.33333333333334,C6,9,m
144.5,B5,9,m
144.66666666666666,A5,9,m
144.875,E5,9,m
145.0,C6,9,m
145.125,E6,9,m
145.33333333333334,C6,9,m
145.5,B5,9,m
145.66666666666666,A5,9,m
145.875,E5,9,m
146.0,C6,9,m
146.125,E6,9,m
146.33333333333334,C6,9,m
146.5,B5,9,m
146.66666666666666,A5,9,m
146.875,E5,9,m
147.0,C6,9,m
147.125,E6,0,M
147.33333333333334,C6,0,M
147.5,B5,0,M
147.66666666666666,A5,0,M
147.875,E5,0,M
148.0,C6 F4,0,M
148.125,E6 F4,0,M
148.25,F4,0,M
148.33333333333334,C6 F4,0,M
148.45833333333334,F4,0,M
148.5,B5 F4,0,M
148.625,F4,0,M
148.66666666666666,A5 F4,0,M
148.79166666666666,F4,0,M
148.875,E5 F4,0,M
149.0,C6 F4,0,M
149.125,E6 F4,0,M
149.25,F4,0,M
149.33333333333334,C6 F4,0,M
149.45833333333334,F4,0,M
149.5,B5 F4,0,M
149.625,F4,0,M
149.66666666666666,A5 F4,0,M
149.75,A5,0,M
149.875,E5,0,M
150.0,C6 F#4,0,M
150.125,E6 F#4,0,M
150.25,F#4,0,M
150.33333333333334,C6 F#4,0,M
150.45833333333334,F#4,0,M
150.5,B5 F#4,0,M
150.625,F#4,0,M
150.66666666666666,A5 F#4,0,M
150.79166666666666,F#4,0,M
150.875,E5 F#4,0,M
151.0,C6 F#4,0,M
151.125,E6 F#4,0,M
151.25,F#4,0,M
151.33333333333334,C6 F#4,0,M
151.45833333333334,F#4,0,M
151.5,B5 F#4,0,M
151.625,F#4,0,M
151.66666666666666,A5 F#4,0,M
151.75,A5,0,M
151.875,E5,0,M
152.0,C6 G3 G4,0,M
152.125,E6 G3 G4,0,M
152.25,G3 G4,0,M
152.33333333333334,C6 G3 G4,0,M
152.45833333333334,G3 G4,0,M
152.5,B5,0,M
152.66666666666666,A5,0,M
152.875,G5,0,M
153.0,E6 G4 C5 E5,0,M
153.125,G6 G4 C5 E5,0,M
153.25,G4 C5 E5,0,M
153.33333333333334,E6 G4 C5 E5,0,M
153.45833333333334,G4 C5 E5,0,M
153.5,D6 G4 C5 E5,0,M
153.625,G4 C5 E5,0,M
153.66666666666666,C6 G4 C5 E5,0,M
153.79166666666666,G4 C5 E5,0,M
153.875,G5,0,M
154.0,C6,0,M
154.125,E6,0,M
154.33333333333334,C6,0,M
154.5,A5,0,M
154.66666666666666,G5,0,M
154.875,E5,0,M
155.0,G5 F4 B4 G3 D4,0,M
155.125,A5 F4 B4 G3 D4,0,M
155.25,F4 B4 G3 D4,0,M
155.33333333333334,G5 F4 B4 G3 D4,0,M
155.45833333333334,F4 B4 G3 D4,0,M
155.5,F5 F4 B4 G3 D4,0,M
155.625,F4 B4 G3 D4,0,M
155.66666666666666,E5 F4 B4 G3 D4,0,M
155.79166666666666,F4 B4 G3 D4,0,M
155.875,D5,0,M
156.0,E5 E4 C3,0,M
156.125,G5 E4 C3,0,M
156.25,E4 C3,0,M
156.33333333333334,E5 E4 C3,0,M
156.45833333333334,E4 C3,0,M
156.5,D5 E4 C3,0,M
156.625,E4 C3,0,M
156.66666666666666,C5 E4 C3,0,M
156.79166666666666,E4 C3,0,M
156.875,G4,0,M
157.0,E4 G3,0,M
157.125,G4 G3,0,M
157.25,G3,0,M
157.33333333333334,E4 G3,0,M
157.45833333333334,G3,0,M
157.5,D4 G3,0,M
157.625,G3,0,M
157.66666666666666,C4 G3,0,M
157.79166666666666,G3,0,M
157.875,G3,0,M
158.0,E3,0,M
158.125,G3,0,M
158.33333333333334,E3,0,M
158.5,D3,0,M
158.66666666666666,C3,0,M
158.875,E3,0,M
159.0,G3,0,M
159.125,C4,0,M
159.25,E4,0,M
159.375,G4,0,M
159.5,C5,0,M
159.625,E5,0,M
159.75,G5,0,M
159.875,C6,0,M
160.0,G#4,0,M
160.125,C5,0,M
160.33333333333334,G#4,0,M
160.5,G4,0,M
160.66666666666666,F4,0,M
160.875,C4,0,M
161.0,G#4,0,M
161.125,C5,0,M
161.33333333333334,G#4,0,M
161.5,G4,0,M
161.66666666666666,F4,0,M
161.875,C4,0,M
162.0,G#4,0,M
162.125,C5,0,M
162.33333333333334,G#4,0,M
162.5,G4,0,M
162.66666666666666,F4,0,M
162.875,C4,0,M
163.0,G#4,0,M
163.125,C5,5,m
163.33333333333334,G#4,5,m
163.5,G4,5,m
163.66666666666666,F4,5,m
163.875,C4,5,m
164.0,C7 G#4 C5 C6,5,m
164.125,C7 C5 C6,5,m
164.25,C7 C5 C6,5,m
164.33333333333334,G#4 C7 C5 C6,5,m
164.45833333333334,C7 C5 C6,5,m
164.5,C7 G4 C5 C6,5,m
164.625,C7 C5 C6,5,m
164.66666666666666,C7 F4 C5 C6,5,m
164.79166666666666,C7 C5 C6,5,m
164.875,C7 C4 C5 C6,5,m
165.0,C7 G#4 C5 C6,5,m
165.125,C7 C5 C6,5,m
165.25,C7 C5 C6,5,m
165.33333333333334,G#4 C7 C5 C6,5,m
165.45833333333334,C7 C5 C6,5,m
165.5,C7 G4 C5 C6,5,m
165.625,C7 C5 C6,5,m
165.66666666666666,C7 F4 C5 C6,5,m
165.75,F4,5,m
165.875,C4,5,m
166.0,C#7 G#4 C#5 C#6,5,m
166.125,C#7 C5 C#5 C#6,5,m
166.25,C#7 C#5 C#6,5,m
166.33333333333334,G#4 C#7 C#5 C#6,5,m
166.45833333333334,C#7 C#5 C#6,5,m
166.5,C#7 G4 C#5 C#6,5,m
166.625,C#7 C#5 C#6,5,m
166.66666666666666,C#7 F4 C#5 C#6,5,m
166.79166666666666,C#7 C#5 C#6,5,m
166.875,C#7 C4 C#5 C#6,5,m
167.0,C#7 G#4 C#5 C#6,5,m
167.125,C#7 C5 C#5 C#6,5,m
167.25,C#7 C#5 C#6,5,m
167.33333333333334,G#4 C#7 C#5 C#6,5,m
167.45833333333334,C#7 C#5 C#6,5,m
167.5,C#7 G4 C#5 C#6,5,m
167.625,C#7 C#5 C#6,5,m
167.66666666666666,C#7 F4 C#5 C#6,5,m
167.79166666666666,C#7 C#5 C#6,5,m
167.875,C#7 C4 C#5 C#6,5,m
168.0,C#7 B-4 C#5 C#6,5,m
168.25,C#7 C#5 C#6,5,m
168.375,C#7 B-4 C#5 C#6,5,m
168.5,C#7 B-4 C#5 C#6,5,m
168.625,C#7 G4 C#5 C#6,5,m
168.75,C#7 C4 G4 C#5 C#6,5,m
168.875,C#7 C4 C#5 C#6,5,m
169.0,C#7 B-4 C#5 C#6,5,m
169.25,C#7 C#5 C#6,5,m
169.375,C#7 B-4 C#5 C#6,5,m
169.5,C#7 B-4 C#5 C#6,5,m
169.625,C#7 G4 C#5 C#6,5,m
169.75,C4 G4,5,m
169.875,C4,5,m
170.0,E6 B-4 E4 E5,5,m
170.25,E6 C#5 E4 E5,5,m
170.375,E6 B-4 C#5 E4 E5,5,m
170.5,E6 B-4 E4 E5,5,m
170.625,E6 G4 E4 E5,5,m
170.75,E6 C4 G4 E4 E5,5,m
170.875,E6 C4 E4 E5,5,m
171.0,E6 B-4 E4 E5,5,m
171.25,E6 C#5 E4 E5,5,m
171.33333333333334,C#5,5,m
171.375,B-4 C#5,5,m
171.5,G6 B-4 G4 G5,5,m
171.625,G6 G4 G5,5,m
171.75,G6 C4 G4 G5,5,m
171.875,G6 C4 G4 G5,5,m
172.0,B-6 B-4 B-5,5,m
172.25,B-6 E5 B-4 B-5,8,M
172.375,B-6 B-4 E5 B-5,8,M
172.5,B-6 B-4 B-5,8,M
172.625,B-6 G4 B-4 B-5,8,M
172.75,B-6 C4 G4 B-4 B-5,8,M
172.875,B-6 C4 B-4 B-5,8,M
173.0,B-6 B-4 B-5,8,M
173.25,B-6 E5 B-4 B-5,8,M
173.375,B-6 B-4 E5 B-5,8,M
173.5,B-6 B-4 B-5,8,M
173.625,B-6 G4 B-4 B-5,8,M
173.75,C4 G4,8,M
173.875,C4,8,M
174.0,G#6 G#4 G#5,8,M
174.25,G#6 F5 G#4 G#5,8,M
174.375,G#6 G#4 F5 G#5,8,M
174.5,G#6 G#4 G#5,8,M
174.625,G#6 F4 G#4 G#5,8,M
174.75,G#6 C4 F4 G#4 G#5,8,M
174.875,C4,8,M
175.0,G#4,8,M
175.25,F5,8,M
175.375,G#4 F5,8,M
175.5,G#4,8,M
175.625,F4,8,M
175.75,C4 F4,8,M
175.875,C4,8,M
176.0,G#4,8,M
176.125,E-5,8,M
176.33333333333334,G#4,8,M
176.5,F4,8,M
176.66666666666666,E-4,8,M
176.875,C4,8,M
177.0,G#4,8,M
177.125,E-5,8,M
177.33333333333334,G#4,8,M
177.5,F4,8,M
177.66666666666666,E-4,8,M
177.875,C4,8,M
178.0,G#4,8,M
178.125,E-5,8,M
178.33333333333334,G#4,8,M
178.5,F4,8,M
178.66666666666666,E-4,8,M
178.875,C4,8,M
179.0,G#4,8,M
179.125,E-5,8,M
179.33333333333334,G#4,8,M
179.5,F4,8,M
179.66666666666666,E-4,8,M
179.875,C4,8,M
180.0,E-6 E-7 G#4 E-5,8,M
180.125,E-6 E-7 E-5,8,M
180.25,E-6 E-7 E-5,8,M
180.33333333333334,G#4 E-6 E-7 E-5,8,M
180.45833333333334,E-6 E-7 E-5,8,M
180.5,E-6 E-7 F4 E-5,8,M
180.625,E-6 E-7 E-5,8,M
180.66666666666666,E-6 E-7 E-4 E-5,8,M
180.79166666666666,E-6 E-7 E-5,8,M
180.875,E-6 E-7 C4 E-5,8,M
181.0,E-6 E-7 G#4 E-5,8,M
181.125,E-6 E-7 E-5,?,?
181.25,E-6 E-7 E-5,?,?
181.33333333333334,G#4 E-6 E-7 E-5,?,?
181.45833333333334,E-6 E-7 E-5,?,?
181.5,E-6 E-7 F4 E-5,?,?
181.625,E-6 E-7 E-5,?,?
181.66666666666666,E-6 E-7 E-4 E-5,?,?
181.75,E-4,?,?
181.875,C4,?,?
182.0,F6 F7 G#4 F5,?,?
182.125,F6 F7 E-5 F5,1,M
182.25,F6 F7 F5,1,M
182.33333333333334,G#4 F6 F7 F5,1,M
182.45833333333334,F6 F7 F5,1,M
182.5,F6 F7 F4 F5,1,M
182.625,F6 F7 F5,1,M
182.66666666666666,F6 F7 D4 F5,1,M
182.79166666666666,F6 F7 F5,1,M
182.875,F6 F7 B3 F5,1,M
183.0,F6 F7 G#4 F5,1,M
183.125,F6 F7 D5 F5,1,M
183.25,F6 F7 F5,1,M
183.33333333333334,G#4 F6 F7 F5,1,M
183.45833333333334,F6 F7 F5,1,M
183.5,F6 F7 F4 F5,1,M
183.625,F6 F7 F5,1,M
183.66666666666666,F6 F7 D4 F5,1,M
183.79166666666666,F6 F7 F5,1,M
183.875,F6 F7 B3 F5,1,M
184.0,F6 F7 G#4 F5,1,M
184.125,F6 F7 C#5 F5,1,M
184.25,F6 F7 F5,1,M
184.33333333333334,G#4 F6 F7 F5,1,M
184.45833333333334,F6 F7 F5,1,M
184.5,F6 F7 F4 F5,1,M
184.625,F6 F7 F5,1,M
184.66666666666666,F6 F7 C#4 F5,1,M
184.79166666666666,F6 F7 F5,1,M
184.875,F6 F7 B-3 F5,1,M
185.0,F6 F7 G#4 F5,1,M
185.125,F6 F7 C#5 F5,1,M
185.25,F6 F7 F5,1,M
185.33333333333334,G#4 F6 F7 F5,1,M
185.45833333333334,F6 F7 F5,1,M
185.5,F6 F7 F4 F5,1,M
185.625,F6 F7 F5,1,M
185.66666666666666,F6 F7 C#4 F5,1,M
185.79166666666666,F6 F7 F5,1,M
185.875,F6 F7 B-3 F5,1,M
186.0,F6 F7 G4 F5,1,M
186.125,F6 F7 C#5 F5,1,M
186.25,F6 F7 F5,1,M
186.33333333333334,G4 F6 F7 F5,1,M
186.45833333333334,F6 F7 F5,1,M
186.5,F#6 E-4 F#4 F#5,1,M
186.625,F#6 F#4 F#5,1,M
186.66666666666666,F#6 C#4 F#4 F#5,1,M
186.79166666666666,F#6 F#4 F#5,1,M
186.875,F#6 B-3 F#4 F#5,1,M
187.0,G6 G4 G5,1,M
187.125,G6 C#5 G4 G5,1,M
187.25,G6 G4 G5,1,M
187.33333333333334,G4 G6 G5,1,M
187.45833333333334,G6 G4 G5,1,M
187.5,G6 E-4 G4 G5,1,M
187.625,G6 G4 G5,1,M
187.66666666666666,C#4,1,M
187.75,B-6 C#4 B-4 B-5,1,M
187.79166666666666,B-6 B-4 B-5,1,M
187.875,B-6 B-3 B-4 B-5,1,M
188.0,C#7 G4 C#5 C#6,1,M
188.125,C#7 C#5 C#6,1,M
188.25,C#7 C#5 C#6,1,M
188.33333333333334,G4 C#7 C#5 C#6,1,M
188.45833333333334,C#7 C#5 C#6,1,M
188.5,C#7 E-4 C#5 C#6,1,M
188.625,C#7 C#5 C#6,1,M
188.66666666666666,C#7 C#4 C#5 C#6,1,M
188.79166666666666,C#7 C#5 C#6,1,M
188.875,C#7 B-3 C#5 C#6,1,M
189.0,C#7 G4 C#5 C#6,1,M
189.125,C#7 C#5 C#6,1,M
189.25,C#7 C#5 C#6,1,M
189.33333333333334,G4 C#7 C#5 C#6,1,M
189.45833333333334,C#7 C#5 C#6,1,M
189.5,C#7 E-4 C#5 C#6,1,M
189.625,C#7 C#5 C#6,1,M
189.66666666666666,C#7 C#4 C#5 C#6,1,M
189.75,C#4,1,M
189.875,B-3,1,M
190.0,C7 G#4 C5 C6,1,M
190.25,C7 C5 C6,1,M
190.375,C7 G#4 C5 C6,1,M
190.5,G#4,1,M
190.625,E-4,1,M
190.75,G#3 E-4,1,M
190.875,G#3,1,M
191.0,G#4,1,M
191.25,C5,1,M
191.375,G#4 C5,1,M
191.5,G#4,1,M
191.625,E-4,1,M
191.75,G#3 E-4,1,M
191.875,G#3,1,M
192.0,F#2 F#3,1,M
193.0,C7 G#4 C5 C6,1,M
193.125,C7 C5 C6,1,M
193.25,C7 C5 C6,1,M
193.33333333333334,G#4 C7 C5 C6,1,M
193.45833333333334,C7 C5 C6,1,M
193.5,C7 F#4 C5 C6,1,M
193.625,C7 C5 C6,1,M
193.66666666666666,C7 E-4 C5 C6,1,M
193.79166666666666,C7 C5 C6,1,M
193.875,C7 C4 C5 C6,1,M
194.0,C7 G#4 C5 C6,1,M
194.125,C7 C5 C6,?,?
194.25,C7 C5 C6,?,?
194.33333333333334,G#4 C7 C5 C6,?,?
194.45833333333334,C7 C5 C6,?,?
194.5,C7 F#4 C5 C6,?,?
194.625,C7 C5 C6,?,?
194.66666666666666,C7 E-4 C5 C6,?,?
194.79166666666666,C7 C5 C6,?,?
194.875,C7 C4 C5 C6,?,?
195.0,C7 G#4 C5 C6,?,?
195.125,C7 C5 C6,?,?
195.25,C7 C5 C6,?,?
195.33333333333334,G#4 C7 C5 C6,?,?
195.45833333333334,C7 C5 C6,?,?
195.5,C7 F#4 C5 C6,?,?
195.625,C7 C5 C6,?,?
195.66666666666666,C7 E-4 C5 C6,?,?
195.75,C7 E-4 C5 C6,?,?
195.79166666666666,C7 C5 C6,?,?
195.875,C7 C4 C5 C6,?,?
196.0,C7 C5 C6 G2 G3,?,?
196.875,C7 C5 C6,?,?
197.0,C7 E4 C5 C6,?,?
197.125,C7 G4 C5 C6,?,?
197.25,C7 C5 C6,?,?
197.33333333333334,E4 C7 C5 C6,?,?
197.45833333333334,C7 C5 C6,?,?
197.5,C7 D4 C5 C6,?,?
197.625,C7 C5 C6,?,?
197.66666666666666,C7 C4 C5 C6,?,?
197.79166666666666,C7 C5 C6,?,?
197.875,C7 G3 C5 C6,?,?
198.0,C7 E4 C5 C6,?,?
198.125,C7 G4 C5 C6,?,?
198.25,C7 C5 C6,?,?
198.33333333333334,E4 C7 C5 C6,?,?
198.45833333333334,C7 C5 C6,?,?
198.5,C7 D4 C5 C6,?,?
198.625,C7 C5 C6,?,?
198.66666666666666,C7 C4 C5 C6,?,?
198.79166666666666,C7 C5 C6,?,?
198.875,C7 G3 C5 C6,?,?
199.0,C7 E4 C5 C6,?,?
199.125,C7 G4 C5 C6,?,?
199.33333333333334,E4,?,?
199.5,D4,?,?
199.66666666666666,C4,?,?
199.875,G3,?,?
200.0,F#2 F#3,?,?
201.0,C7 C5 C6 E-4,?,?
201.125,C7 C5 C6 G#4,?,?
201.25,C7 C5 C6,?,?
201.33333333333334,E-4 C7 C5 C6,?,?
201.45833333333334,C7 C5 C6,?,?
201.5,C7 C5 C6 C4,?,?
201.625,C7 C5 C6,?,?
201.66666666666666,C7 C5 C6 B-3,?,?
201.79166666666666,C7 C5 C6,?,?
201.875,C7 C5 C6 G#3,?,?
202.0,C7 C5 C6 E-4,?,?
202.125,C7 C5 C6 G#4,?,?
202.25,C7 C5 C6,?,?
202.33333333333334,E-4 C7 C5 C6,?,?
202.45833333333334,C7 C5 C6,?,?
202.5,C7 C5 C6 C4,?,?
202.625,C7 C5 C6,?,?
202.66666666666666,C7 C5 C6 B-3,?,?
202.79166666666666,C7 C5 C6,?,?
202.875,C7 C5 C6 G#3,?,?
203.0,D7 D5 D6 E-4,?,?
203.125,D7 D5 D6 G#4,?,?
203.25,D7 D5 D6,?,?
203.33333333333334,E-4 D7 D5 D6,?,?
203.45833333333334,D7 D5 D6,?,?
203.5,D7 D5 D6 C4,?,?
203.625,D7 D5 D6,?,?
203.66666666666666,B-3,?,?
203.75,C7 C5 C6 B-3,?,?
203.79166666666666,C7 C5 C6,?,?
203.875,C7 C5 C6 G#3,?,?
204.0,C7 C5 C6 G2 G3,?,?
204.875,C7 C5 C6,?,?
205.0,C7 C5 C6 E4,?,?
205.125,C7 C5 C6 G4,5,m
205.25,C7 C5 C6,5,m
205.33333333333334,E4 C7 C5 C6,5,m
205.45833333333334,C7 C5 C6,5,m
205.5,C7 C5 C6 D4,5,m
205.625,C7 C5 C6,5,m
205.66666666666666,C7 C5 C6 C4,5,m
205.79166666666666,C7 C5 C6,5,m
205.875,C7 C5 C6 G3,5,m
206.0,C7 C5 C6 E4,5,m
206.125,C7 C5 C6 G4,5,m
206.25,C7 C5 C6,5,m
206.33333333333334,E4 C7 C5 C6,5,m
206.45833333333334,C7 C5 C6,5,m
206.5,C7 C5 C6 D4,5,m
206.625,C7 C5 C6,5,m
206.66666666666666,C7 C5 C6 C4,5,m
206.79166666666666,C7 C5 C6,5,m
206.875,C7 C5 C6 G3,5,m
207.0,C7 C5 C6 E4,5,m
207.125,C7 C5 C6 G4,4,M
207.25,C7 C5 C6,4,M
207.33333333333334,E4 C7 C5 C6,4,M
207.45833333333334,C7 C5 C6,4,M
207.5,C7 C5 C6 D4,4,M
207.66666666666666,C4,4,M
207.875,G3,4,M
208.0,G#2 G#3,4,M
209.0,C6 C4 C5,4,M
209.25,C6 C4 C5 E4,4,M
209.375,C6 C4 C5 E4,4,M
209.5,C6 C4 C5,4,M
209.625,C6 C4 C5 G3,4,M
209.75,C6 C4 C5 E3 G3,4,M
209.875,C6 C4 C5 E3,4,M
210.0,C6 C4 C5,4,M
210.25,C6 C4 C5 E4,4,M
210.375,C6 C4 C5 E4,4,M
210.5,C6 C4 C5,4,M
210.625,C6 C4 C5 G3,4,M
210.75,E3 G3,4,M
210.875,E3,4,M
211.0,C6 C4 C5,4,M
211.25,C6 C4 C5 E4,4,M
211.375,C6 C4 C5 E4,4,M
211.5,C6 C4 C5,4,M
211.625,C6 C4 C5 G3,4,M
211.75,C6 C4 C5 E3 G3,4,M
211.875,E3,4,M
212.0,B5 B3 B4 G#1 G#2,4,M
213.0,C#6 C#4 C#5 B3,4,M
213.25,C#6 C#4 C#5 E4,4,M
213.375,C#6 C#4 C#5 B3 E4,4,M
213.5,C#6 C#4 C#5 B3,4,M
213.625,C#6 C#4 C#5 G#3,4,M
213.75,C#6 C#4 C#5 E3 G#3,4,M
213.875,E3,4,M
214.0,E-6 E-4 E-5 B3,4,M
214.25,E-6 E-4 E-5 E4,4,M
214.375,E-6 E-4 E-5 B3 E4,4,M
214.5,E-6 E-4 E-5 B3,4,M
214.625,E-6 E-4 E-5 G#3,4,M
214.75,E-6 E-4 E-5 E3 G#3,4,M
214.875,E3,4,M
215.0,E6 E4 E5 B3,4,M
215.25,E6 E4 E5,4,M
215.375,E6 E4 E5 B3,4,M
215.5,E6 E4 E5 B3,4,M
215.625,E6 E4 E5 G#3,4,M
215.75,E6 E4 E5 E3 G#3,4,M
215.875,E3,4,M
216.0,E-6 E-4 E-5 B1 B2,4,M
217.0,C#6 C#4 C#5 A3,4,M
217.25,C#6 C#4 C#5 E-4,4,M
217.5,C#6 C#4 C#5 A3,4,M
217.75,C#6 C#4 C#5 B2,4,M
217.875,B2,4,M
218.0,B5 B3 B4 A3,4,M
218.25,B5 B3 B4 E-4,4,M
218.5,B5 B3 B4 A3,4,M
218.75,B5 B3 B4 B2,4,M
219.0,B5 B3 B4 A3,4,M
219.25,B5 B3 B4 E-4,4,M
219.33333333333334,E-4,4,M
219.5,G5 G3 G4 A3,4,M
219.75,G5 G3 G4 B2,4,M
220.0,G5 G3 G4 E2 E3,4,M
220.875,G5 G3 G4,4,m
221.0,G5 G3 G4 A3,4,m
221.25,G5 G3 G4 E-4,4,m
221.5,G5 G3 G4 A3,4,m
221.75,B2,4,m
222.0,G#5 G#3 G#4,4,m
222.25,G#5 G#3 G#4 E4,4,M
222.5,G#5 G#3 G#4,4,M
222.75,G#5 G#3 G#4 B2,4,M
223.0,G#5 G#3 G#4,4,M
223.25,G#5 G#3 G#4 E4,4,M
223.5,G#5 G#3 G#4,4,M
223.75,B2,4,M
224.0,G#2 G#3,4,M
225.0,C5 C6 C4,4,M
225.25,C5 C6 E4,4,M
225.375,C5 C6 C4 E4,4,M
225.5,C5 C6 C4,4,M
225.625,C5 C6 G3,4,M
225.75,C5 C6 E3 G3,4,M
225.875,C5 C6 E3,4,M
226.0,C5 C6 C4,4,M
226.25,C5 C6 E4,4,M
226.375,C5 C6 C4 E4,4,M
226.5,C5 C6 C4,4,M
226.625,C5 C6 G3,4,M
226.75,E3 G3,4,M
226.875,E3,4,M
227.0,C5 C6 C4,4,M
227.25,C5 C6 E4,4,M
227.375,C5 C6 C4 E4,4,M
227.5,C5 C6 C4,4,M
227.625,C5 C6 G3,4,M
227.75,C5 C6 E3 G3,4,M
227.875,E3,4,M
228.0,B4 B5 G#1 G#2,4,M
229.0,C#5 C#6 B3,4,M
229.25,C#5 C#6 E4,4,M
229.375,C#5 C#6 B3 E4,4,M
229.5,C#5 C#6 B3,4,M
229.625,C#5 C#6 G#3,4,M
229.75,C#5 C#6 E3 G#3,4,M
229.875,E3,4,M
230.0,E-5 E-6 B3,4,M
230.25,E-5 E-6 E4,4,M
230.375,E-5 E-6 B3 E4,4,M
230.5,E-5 E-6 B3,4,M
230.625,G#3,4,M
230.66666666666666,F#5 F#6 G#3,4,M
230.75,F#5 F#6 E3 G#3,4,M
230.875,F#5 F#6 E3,4,M
231.0,F#5 F#6 B3,4,M
231.25,F#5 F#6 E4,4,M
231.29166666666666,E4,4,M
231.33333333333334,E5 E6 E4,4,M
231.375,E5 E6 B3 E4,4,M
231.5,E5 E6 B3,4,M
231.625,E5 E6 G#3,4,M
231.75,E5 E6 E3 G#3,4,M
231.875,E5 E6 E3,4,M
231.95833333333334,E3,4,M
232.0,E-5 E-6 B1 B2,4,M
232.625,B1 B2,4,M
232.66666666666666,C#5 C#6 B1 B2,4,M
232.875,C#5 C#6,4,M
233.0,C#5 C#6 A3,4,M
233.25,C#5 C#6 E-4,4,M
233.29166666666666,E-4,4,M
233.33333333333334,B4 B5 E-4,4,M
233.5,B4 B5 A3,4,M
233.75,B4 B5 B2,4,M
233.95833333333334,B2,4,M
234.0,A4 A5 A3,4,M
234.25,A4 A5 E-4,4,M
234.5,A4 A5 A3,4,M
234.625,A3,4,M
234.66666666666666,G#4 G#5 A3,4,M
234.75,G#4 G#5 B2,4,M
235.0,G#4 G#5 A3,4,M
235.25,G#4 G#5 E-4,4,M
235.5,G#4 G#5 A3,4,M
235.54166666666666,A3,4,M
235.66666666666666,G4 G5 A3,4,M
235.75,G4 G5 B2,4,M
236.0,G4 G5 E2 E3,4,M
236.125,E2 E3,4,M
237.0,A3,4,M
237.25,E-4,4,M
237.5,A3,4,M
237.75,B2,4,M
238.0,G#4 G#5 G#3,4,M
238.25,G#4 G#5 E4,4,M
238.5,G#4 G#5 G#3,4,M
238.75,G#4 G#5 B2,4,M
239.0,G#4 G#5 G#3,4,M
239.25,G#4 G#5 E4,4,M
239.5,G#4 G#5 G#3,4,M
239.75,E3,4,M
240.0,F2 F3,4,M
241.0,G#3,4,M
241.25,D4,4,M
241.375,G#3 D4,4,M
241.5,G#3,4,M
241.625,F3,4,M
241.75,B2 F3,4,M
241.875,B2,4,M
242.0,G#5 G#3 G#4,4,M
242.25,G#5 G#3 G#4 D4,4,M
242.375,G#5 G#3 G#4 D4,4,M
242.5,G#5 G#3 G#4,4,M
242.625,G#5 G#3 G#4 F3,4,M
242.75,G#5 G#3 G#4 B2 F3,4,M
242.875,G#5 G#3 G#4 B2,4,M
243.0,G#5 G#3 G#4,4,M
243.25,G#5 G#3 G#4 D4,4,M
243.33333333333334,D4,4,M
243.375,G#3 D4,4,M
243.5,G#5 G#3 G#4,4,M
243.625,G#5 G#3 G#4 F3,4,M
243.75,G#5 G#3 G#4 B2 F3,4,M
243.875,G#5 G#3 G#4 B2,4,M
244.0,B5 B3 B4 G#3,4,M
244.25,B5 B3 B4 D4,4,M
244.375,B5 B3 B4 G#3 D4,4,M
244.5,B5 B3 B4 G#3,4,M
244.625,B5 B3 B4 F3,4,M
244.75,B5 B3 B4 B2 F3,4,M
244.875,B5 B3 B4 B2,4,M
245.0,B5 B3 B4 C3,4,M
245.25,B5 B3 B4 C#3,4,M
245.5,B5 B3 B4 D3,4,M
245.75,B5 B3 B4 E3,4,M
246.0,B5 B3 B4 F3,4,M
246.25,B5 B3 B4 F#3,7,M
246.5,B5 B3 B4 G3,7,M
246.75,B5 B3 B4 G#3,7,M
246.875,B5 B3 B4 A3,7,M
247.0,B5 B3 B4,7,M
247.125,B5 B3 B4 B-3,7,M
247.25,B5 B3 B4,7,M
247.375,B5 B3 B4 C4,7,M
247.5,B5 B3 B4,7,M
247.625,B5 B3 B4 C#4,7,M
247.75,B5 B3 B4,7,M
248.0,B5 B3 B4 D4,7,M
248.25,B5 B3 B4 F4,7,M
248.375,B5 B3 B4 D4 F4,7,M
248.5,B5 B3 B4 D4,7,M
248.625,B5 B3 B4,7,M
248.75,B5 B4 F3 B3,7,M
248.875,F3,7,M
249.0,D4,7,M
249.25,F4,7,M
249.375,D4 F4,7,M
249.5,D4,7,M
249.625,B3,7,M
249.75,F3 B3,7,M
249.875,F3,7,M
250.0,B4 B5 D4,7,M
250.25,B4 B5 F4,7,M
250.375,B4 B5 D4 F4,7,M
250.5,B4 B5 D4,7,M
250.625,B4 B5 B3,7,M
250.75,B4 B5 F3 B3,7,M
250.875,B4 B5 F3,7,M
251.0,B4 B5 D4,7,M
251.25,B4 B5 F4,7,M
251.33333333333334,F4,7,M
251.375,D4 F4,7,M
251.5,B4 B5 D4,7,M
251.625,B4 B5 B3,7,M
251.75,B4 B5 F3 B3,7,M
251.875,B4 B5 F3,7,M
252.0,D5 D6 D4,7,M
252.25,D5 D6 G#4,7,M
252.375,D5 D6 D4 G#4,7,M
252.5,D5 D6 D4,7,M
252.625,D5 D6 B3,7,M
252.75,D5 D6 F3 B3,7,M
252.875,D5 D6 F3,7,M
253.0,D5 D6 F#3,7,M
253.25,D5 D6 G3,7,M
253.5,D5 D6 G#3,7,M
253.75,D5 D6 A3,7,M
254.0,D5 D6 B-3,7,M
254.25,D5 D6 B3,7,M
254.5,D5 D6 C4,7,M
254.75,D5 D6 C#4,7,M
255.0,D5 D6 D4,7,M
255.125,D5 D6 E-4,7,M
255.25,D5 D6,7,M
255.33333333333334,E4 D5 D6,7,M
255.45833333333334,D5 D6,7,M
255.5,D5 D6 F4,7,M
255.625,D5 D6,7,M
255.66666666666666,D5 D6 F#4,7,M
255.79166666666666,D5 D6,7,M
255.875,D5 D6 G4,7,M
256.0,G#4 D5 D6,7,M
256.25,B4 D5 D6,7,M
256.375,G#4 D5 D6 B4,7,M
256.5,D5 D6 G#4,7,M
256.625,F4 D5 D6,7,M
256.75,B3 D5 D6 F4,7,M
256.875,B3,7,M
257.0,G#4,7,M
257.25,B4,7,M
257.375,G#4 B4,7,M
257.5,G#4 D4 D5,7,M
257.625,F4 D4 D5,7,M
257.75,B3 F4 D4 D5,7,M
257.875,B3 D4 D5,7,M
258.0,D5 D6 G#4 F4 F5,7,M
258.25,D5 D6 B4 F4 F5,7,M
258.375,D5 D6 G#4 B4 F4 F5,7,M
258.5,D5 D6 G#4 F4 F5,7,M
258.625,D5 D6 F4 F5,7,M
258.75,D5 D6 B3 F4 F5,7,M
258.875,D5 D6 B3 F4 F5,7,M
259.0,D5 D6 G#4 F4 F5,7,M
259.25,D5 D6 B4 F4 F5,?,?
259.3333333333333,B4 F4 F5,?,?
259.375,G#4 B4 F4 F5,?,?
259.5,D5 D6 G#4 F4 F5,?,?
259.625,D5 D6 F4 F5,?,?
259.75,D5 D6 B3 F4,?,?
259.875,D5 D6 B3,?,?
260.0,F6 G#4 F4 F5,?,?
260.25,F6 D5 F4 F5,?,?
260.375,F6 G#4 D5 F4 F5,?,?
260.5,F6 G#4 F4 F5,?,?
260.625,F6 F4 F5,?,?
260.75,F6 D4 F4 F5,?,?
260.875,F6 C4 F4 F5,?,?
261.125,F5 F6 C#4 F4,?,?
261.3333333333333,F5 F6 C#4,?,?
261.375,F5 F6 D4,?,?
261.5,F5 F6 D4 F4,?,?
261.625,F6 F4 F5,?,?
261.6666666666667,E-4 F5 F6 F4,?,?
261.75,E-4 F4 F5,?,?
261.875,E4 E-4 F4 F5,?,?
261.9166666666667,E4 F4 F5,?,?
262.0,F5 F6 E4 G#4 G#5,?,?
262.125,F5 F6 F4 G#4 G#5,?,?
262.375,F5 F6 F#4 G#4 G#5,?,?
262.625,F5 F6 G#4 G#5,?,?
262.6666666666667,G4 F5 F6 G#4 G#5,?,?
262.875,F5 F6 G#4 G4 G#5,?,?
262.9166666666667,F5 F6 G#4 G#5,?,?
263.0,F5 F6 G#4 G#5,?,?
263.125,F5 F6 A4 G#4 G#5,?,?
263.25,F5 F6 B-4 G#4 G#5,?,?
263.3333333333333,B-4 G#4 G#5,?,?
263.375,B4 G#4 G#5,?,?
263.5,F5 F6 G#4 G#5,?,?
263.625,F5 F6 C5 G#4 G#5,?,?
263.75,F5 F6 C#5,?,?
263.875,F5 F6,?,?
264.0,G#6 D5 G#4 G#5,?,?
264.25,G#6 F5 G#4 G#5,?,?
264.375,G#6 D5 F5 G#4 G#5,?,?
264.5,G#6 D5 G#4 G#5,?,?
264.625,G#6 B4 G#4 G#5,?,?
264.75,G#6 F4 B4 G#4 G#5,?,?
264.875,G#6 F4 G#4 G#5,?,?
265.0,G#6 D5 G#4 G#5,?,?
265.25,G#5 G#6 F5 G#4,?,?
265.3333333333333,G#5 G#6 F5,?,?
265.375,G#5 G#6 D5 F5,?,?
265.5,G#5 G#6 D5 G#4,?,?
265.625,G#5 G#6 B4 G#4,?,?
265.75,F4 B4 G#4 G#5,?,?
265.875,F4 G#4 G#5,?,?
266.0,G#5 G#6 D5 D6,?,?
266.25,G#5 G#6 F5 D5 D6,?,?
266.375,G#5 G#6 D5 F5 D6,?,?
266.5,G#5 G#6 D5 D6,?,?
266.625,G#5 G#6 B4 D5 D6,?,?
266.75,G#5 G#6 F4 B4 D5 D6,?,?
266.875,G#5 G#6 F4 D5 D6,?,?
267.0,G#5 G#6 F#4 D5 D6,?,?
267.25,G#5 G#6 G4 D5 D6,?,?
267.3333333333333,G4 D5 D6,?,?
267.375,G#4 G4 D5 D6,?,?
267.5,G#5 G#6 G#4 D5 D6,?,?
267.625,G#5 G#6 A4 D5 D6,?,?
267.75,G#5 G#6 B-4 A4 D5 D6,?,?
267.875,G#5 G#6 B-4 D5 D6,?,?
268.0,D6 D7 B4 D5,?,?
268.25,D7 C5 D5 D6,?,?
268.5,D6 D7 C#5 D5,?,?
268.6666666666667,D6 D7 C#5,?,?
268.75,D6 D7 D5,?,?
269.0,D6 D7 E-5,?,?
269.25,D6 D7 E5,0,m
269.375,D6 D7 F5 E5,0,m
269.5,D6 D7 F5,0,m
269.625,D6 D7 F#5,0,m
269.75,D6 D7 G5 F#5,0,m
269.875,D6 D7 G5,0,m
270.0,D6 D7 G#5,0,m
270.125,D6 D7,0,m
270.25,D6 D7 A5,0,m
270.375,D6 D7 B-5,0,m
270.5,D6 D7,0,m
270.625,D6 D7 B5,0,m
270.6666666666667,B5,0,m
270.75,C6,0,m
270.875,C#6,0,m
271.125,D6,0,m
272.0,G2 G1,0,m
273.0,G#5 G#4 D5 B3 F4,0,m
273.125,D6 G#4 D5 B3 F4,0,m
273.25,G#4 D5 B3 F4,0,m
273.3333333333333,G#5 G#4 D5 B3 F4,0,m
273.4583333333333,G#4 D5 B3 F4,0,m
273.5,G5 G#4 D5 B3 F4,0,m
273.625,G#4 D5 B3 F4,0,m
273.6666666666667,F5 G#4 D5 B3 F4,0,m
273.7916666666667,G#4 D5 B3 F4,0,m
273.875,E-5,0,m
274.0,D5,0,m
274.125,E-5,0,m
274.3333333333333,E5,0,m
274.5,F5,0,m
274.6666666666667,F#5,0,m
274.875,G5,0,m
275.0,G#5 B3 F4 G#4 D5,0,m
275.125,D6 B3 F4 G#4 D5,0,m
275.25,B3 F4 G#4 D5,0,m
275.3333333333333,G#5 B3 F4 G#4 D5,0,m
275.4583333333333,B3 F4 G#4 D5,0,m
275.5,G5 B3 F4 G#4 D5,0,m
275.625,B3 F4 G#4 D5,0,m
275.6666666666667,F5 B3 F4 G#4 D5,0,m
275.7916666666667,B3 F4 G#4 D5,0,m
275.875,E-5,0,m
276.0,D5,0,m
276.125,E-5,0,m
276.3333333333333,E5,0,m
276.5,F5,0,m
276.6666666666667,F#5,0,m
276.875,G5,0,m
277.0,G#5 G#4 D5 B3 F4,0,m
277.125,D6 G#4 D5 B3 F4,0,m
277.25,G#4 D5 B3 F4,0,m
277.3333333333333,G#5 G#4 D5 B3 F4,0,m
277.4583333333333,G#4 D5 B3 F4,0,m
277.5,G5 G#4 D5 B3 F4,0,m
277.625,G#4 D5 B3 F4,0,m
277.6666666666667,F5 G#4 D5 B3 F4,0,m
277.7916666666667,G#4 D5 B3 F4,0,m
277.875,E-5,0,m
278.0,G5 C4 E-4 G4,0,m
278.125,F5 C4 E-4 G4,0,m
278.25,C4 E-4 G4,0,m
278.3333333333333,E-5 C4 E-4 G4,0,m
278.4583333333333,C4 E-4 G4,0,m
278.5,D5 C4 E-4 G4,0,m
278.625,C4 E-4 G4,0,m
278.6666666666667,C5 C4 E-4 G4,0,m
278.7916666666667,C4 E-4 G4,0,m
278.875,G4,0,m
279.0,E-4 C3 E-3 G3,0,m
279.125,G4 C3 E-3 G3,0,m
279.25,C3 E-3 G3,0,m
279.3333333333333,E-4 C3 E-3 G3,0,m
279.4583333333333,C3 E-3 G3,0,m
279.5,D4 C3 E-3 G3,0,m
279.625,C3 E-3 G3,0,m
279.6666666666667,C4 C3 E-3 G3,0,m
279.7916666666667,C3 E-3 G3,0,m
279.875,G3,0,m
280.0,B3 D4 G4 G2 G1,0,m
281.0,G#4 G#3 D4 B2 F3,0,m
281.125,D5 G#3 D4 B2 F3,0,m
281.25,G#3 D4 B2 F3,0,m
281.3333333333333,G#4 G#3 D4 B2 F3,0,m
281.4583333333333,G#3 D4 B2 F3,0,m
281.5,G4 G#3 D4 B2 F3,0,m
281.625,G#3 D4 B2 F3,0,m
281.6666666666667,F4 G#3 D4 B2 F3,0,m
281.7916666666667,G#3 D4 B2 F3,0,m
281.875,E-4,0,m
282.0,D4,0,m
282.125,E-4,0,m
282.3333333333333,E4,0,m
282.5,F4,0,m
282.6666666666667,F#4,0,m
282.875,G4,0,m
283.0,G#4 G#3 D4 B2 F3,0,m
283.125,D5 G#3 D4 B2 F3,0,m
283.25,G#3 D4 B2 F3,0,m
283.3333333333333,G#4 G#3 D4 B2 F3,0,m
283.4583333333333,G#3 D4 B2 F3,0,m
283.5,G4 G#3 D4 B2 F3,0,m
283.625,G#3 D4 B2 F3,0,m
283.6666666666667,F4 G#3 D4 B2 F3,0,m
283.7916666666667,G#3 D4 B2 F3,0,m
283.875,E-4,0,m
284.0,D4,0,m
284.125,E-4,0,m
284.3333333333333,E4,0,m
284.5,F4,0,m
284.6666666666667,F#4,0,m
284.875,G4,0,m
285.0,G#4 G#3 D4 B2 F3,0,m
285.125,C#5 G#3 D4 B2 F3,0,m
285.25,G#3 D4 B2 F3,0,m
285.3333333333333,G#4 G#3 D4 B2 F3,0,m
285.4583333333333,G#3 D4 B2 F3,0,m
285.5,G4 G#3 D4 B2 F3,0,m
285.625,G#3 D4 B2 F3,0,m
285.6666666666667,F4 G#3 D4 B2 F3,0,m
285.7916666666667,G#3 D4 B2 F3,0,m
285.875,E-4,0,m
286.0,G4 C3 E-3 G3,0,m
286.125,F4 C3 E-3 G3,0,m
286.25,C3 E-3 G3,0,m
286.3333333333333,E-4 C3 E-3 G3,0,m
286.4583333333333,C3 E-3 G3,0,m
286.5,D4 C3 E-3 G3,0,m
286.625,C3 E-3 G3,0,m
286.6666666666667,C4 C3 E-3 G3,0,m
286.7916666666667,C3 E-3 G3,0,m
286.875,G3,0,m
287.0,E-3 C2 E-2 G2,0,m
287.125,G3 C2 E-2 G2,0,m
287.25,C2 E-2 G2,0,m
287.3333333333333,E-3 C2 E-2 G2,0,m
287.4583333333333,C2 E-2 G2,0,m
287.5,D3 C2 E-2 G2,0,m
287.625,C2 E-2 G2,0,m
287.6666666666667,C3 C2 E-2 G2,0,m
287.7916666666667,C2 E-2 G2,0,m
287.875,G2,0,m
288.0,B2 D3 G3 D2,0,m
288.125,B2 D3 G3 G2,0,m
288.25,B2 D3 G3,0,m
288.3333333333333,B2 D3 G3 D2,0,m
288.4583333333333,B2 D3 G3,0,m
288.5,B2 D3 G3 C2,0,m
288.625,B2 D3 G3,0,m
288.6666666666667,B1 B2 D3 G3,0,m
288.7916666666667,B2 D3 G3,0,m
288.875,A1,0,m
289.0,E-3 C2 E-2 G2,0,m
289.125,G3 C2 E-2 G2,0,m
289.25,C2 E-2 G2,0,m
289.3333333333333,E-3 C2 E-2 G2,0,m
289.4583333333333,C2 E-2 G2,0,m
289.5,D3 C2 E-2 G2,0,m
289.625,C2 E-2 G2,0,m
289.6666666666667,C3 C2 E-2 G2,0,m
289.7916666666667,C2 E-2 G2,0,m
289.875,G2,0,m
290.0,B-2 D3 G3 D2,0,m
290.125,B-2 D3 G3 G2,0,m
290.25,B-2 D3 G3,0,m
290.3333333333333,B-2 D3 G3 D2,0,m
290.4583333333333,B-2 D3 G3,0,m
290.5,B-2 D3 G3 C2,0,m
290.625,B-2 D3 G3,0,m
290.6666666666667,B1 B-2 D3 G3,0,m
290.7916666666667,B-2 D3 G3,0,m
290.875,A1,0,m
291.0,E-3 C2 E-2 G2,0,m
291.125,G3 C2 E-2 G2,0,m
291.25,C2 E-2 G2,0,m
291.3333333333333,E-3 C2 E-2 G2,0,m
291.4583333333333,C2 E-2 G2,0,m
291.5,D3 C2 E-2 G2,0,m
291.625,C2 E-2 G2,0,m
291.6666666666667,C3 C2 E-2 G2,0,m
291.7916666666667,C2 E-2 G2,0,m
291.875,G2,0,m
292.0,B2 D3 G3 D2,0,m
292.125,B2 D3 G3 G2,0,m
292.25,B2 D3 G3,0,m
292.3333333333333,B2 D3 G3 D2,0,m
292.4583333333333,B2 D3 G3,0,m
292.5,B2 D3 G3 C2,0,m
292.625,B2 D3 G3,0,m
292.6666666666667,B1 B2 D3 G3,0,m
292.7916666666667,B2 D3 G3,0,m
292.875,A1,0,m
293.0,C3 B-1 B-2,0,m
293.125,G#3 B-1 B-2,0,m
293.25,B-1 B-2,0,m
293.3333333333333,C3 B-1 B-2,0,m
293.4583333333333,B-1 B-2,0,m
293.5,G#2 B-1 B-2,0,m
293.625,B-1 B-2,0,m
293.6666666666667,A2 B-1 B-2,0,m
293.7916666666667,B-1 B-2,0,m
293.875,B-2 B-1,0,m
294.0,B2 B-1 B-2,0,m
294.125,C3 B-1 B-2,3,m
294.25,B-1 B-2,3,m
294.3333333333333,C#3 B-1 B-2,3,m
294.4583333333333,B-1 B-2,3,m
294.5,D3 B-1 B-2,3,m
294.625,B-1 B-2,3,m
294.6666666666667,E-3 B-1 B-2,3,m
294.75,E-3,3,m
294.875,E3,3,m
295.0,F3 A1 A2,3,m
295.25,F#3 A1 A2,3,m
295.375,G3 F#3 A1 A2,3,m
295.5,G3 A1 A2,3,m
295.625,G#3 A1 A2,3,m
295.75,A3 G#3 A1 A2,3,m
295.875,A3,3,m
296.0,B-3 F2,3,m
296.125,B-3 B-2,3,m
296.25,B-3,3,m
296.3333333333333,B-3 F2,3,m
296.4583333333333,B-3,3,m
296.5,B-3 E-2,3,m
296.625,B-3,3,m
296.6666666666667,D2 B-3,3,m
296.7916666666667,B-3,3,m
296.875,B-1,3,m
297.0,F#3 E-2 F#2 B-2,3,m
297.125,B-3 E-2 F#2 B-2,3,m
297.25,E-2 F#2 B-2,3,m
297.3333333333333,F#3 E-2 F#2 B-2,3,m
297.4583333333333,E-2 F#2 B-2,3,m
297.5,F3 E-2 F#2 B-2,3,m
297.625,E-2 F#2 B-2,3,m
297.6666666666667,E-3 E-2 F#2 B-2,3,m
297.7916666666667,E-2 F#2 B-2,3,m
297.875,B-2,3,m
298.0,D3 F3 B-3 F2,3,m
298.125,D3 F3 B-3 B-2,3,m
298.25,D3 F3 B-3,3,m
298.3333333333333,D3 F3 B-3 F2,3,m
298.4583333333333,D3 F3 B-3,3,m
298.5,D3 F3 B-3 E-2,3,m
298.625,D3 F3 B-3,3,m
298.6666666666667,D2 D3 F3 B-3,3,m
298.7916666666667,D3 F3 B-3,3,m
298.875,B-1,3,m
299.0,F#3 E-2 F#2 B-2,3,m
299.125,B-3 E-2 F#2 B-2,3,m
299.25,E-2 F#2 B-2,3,m
299.3333333333333,F#3 E-2 F#2 B-2,3,m
299.4583333333333,E-2 F#2 B-2,3,m
299.5,F3 E-2 F#2 B-2,3,m
299.625,E-2 F#2 B-2,3,m
299.6666666666667,E-3 E-2 F#2 B-2,3,m
299.7916666666667,E-2 F#2 B-2,3,m
299.875,B-2,3,m
300.0,D3 F3 B-3 F2,3,m
300.125,D3 F3 B-3 B-2,3,m
300.25,D3 F3 B-3,3,m
300.3333333333333,D3 F3 B-3 F2,3,m
300.4583333333333,D3 F3 B-3,3,m
300.5,D3 F3 B-3 E-2,3,m
300.625,D3 F3 B-3,3,m
300.6666666666667,D2 D3 F3 B-3,3,m
300.7916666666667,D3 F3 B-3,3,m
300.875,B-1,3,m
301.0,E-2 A1 A2,3,m
301.125,B2 A1 A2,3,m
301.25,A1 A2,3,m
301.3333333333333,E-2 A1 A2,3,m
301.4583333333333,A1 A2,3,m
301.5,B1 A1 A2,3,m
301.625,A1 A2,3,m
301.6666666666667,C2 A1 A2,3,m
301.7916666666667,A1 A2,3,m
301.875,C#2 A1 A2,3,m
302.0,D2 A1 A2,3,m
302.125,E-2 A1 A2,3,m
302.25,A1 A2,3,m
302.3333333333333,E2 A1 A2,3,m
302.4583333333333,A1 A2,3,m
302.5,F2 A1 A2,3,m
302.625,A1 A2,3,m
302.6666666666667,F#2 A1 A2,3,m
302.75,F#2,3,m
302.875,G2,3,m
303.0,G#2 G#1,3,m
303.25,A2 G#1 G#2,3,m
303.375,B-2 A2 G#1 G#2,3,m
303.5,B-2 G#1 G#2,3,m
303.625,B2 G#1 G#2,3,m
303.75,C3 B2 G#1 G#2,3,m
303.875,C3,3,m
304.0,C#4 G#2,3,m
304.125,C#4 C#3,3,m
304.25,C#4,3,m
304.3333333333333,C#4 G#2,3,m
304.4583333333333,C#4,3,m
304.5,C#4 F#2,3,m
304.625,C#4,3,m
304.6666666666667,F2 C#4,3,m
304.7916666666667,C#4,3,m
304.875,C#2,3,m
305.0,A3 G2 A2 D3,3,m
305.125,C#4 G2 A2 D3,9,m
305.25,G2 A2 D3,9,m
305.3333333333333,A3 G2 A2 D3,9,m
305.4583333333333,G2 A2 D3,9,m
305.5,G#3 G2 A2 D3,9,m
305.625,G2 A2 D3,9,m
305.6666666666667,F#3 G2 A2 D3,9,m
305.7916666666667,G2 A2 D3,9,m
305.875,C#3,9,m
306.0,F3 G#3 D4 G#2,9,m
306.125,F3 G#3 D4 C#3,9,m
306.25,F3 G#3 D4,9,m
306.3333333333333,F3 G#3 D4 G#2,9,m
306.4583333333333,F3 G#3 D4,9,m
306.5,F3 G#3 D4 F#2,9,m
306.625,F3 G#3 D4,9,m
306.6666666666667,F2 F3 G#3 D4,9,m
306.7916666666667,F3 G#3 D4,9,m
306.875,C#2,9,m
307.0,B-3 G2 A2 D3,9,m
307.125,D4 G2 A2 D3,9,m
307.25,G2 A2 D3,9,m
307.3333333333333,B-3 G2 A2 D3,9,m
307.4583333333333,G2 A2 D3,9,m
307.5,G#3 G2 A2 D3,9,m
307.625,G2 A2 D3,9,m
307.6666666666667,F#3 G2 A2 D3,9,m
307.7916666666667,G2 A2 D3,9,m
307.875,C#3,9,m
308.0,F3 G#3 C#4 G#2,9,m
308.125,F3 G#3 C#4 C#3,9,m
308.25,F3 G#3 C#4,9,m
308.3333333333333,F3 G#3 C#4 G#2,9,m
308.4583333333333,F3 G#3 C#4,9,m
308.5,F3 G#3 C#4 F#2,9,m
308.625,F3 G#3 C#4,9,m
308.6666666666667,F2 F3 G#3 C#4,9,m
308.7916666666667,F3 G#3 C#4,9,m
308.875,C#2,9,m
309.0,F#3 C2 C3,9,m
309.125,D4 C2 C3,9,m
309.25,C2 C3,9,m
309.3333333333333,F#3 C2 C3,9,m
309.4583333333333,C2 C3,9,m
309.5,D3 C2 C3,9,m
309.625,C2 C3,9,m
309.6666666666667,E-3 C2 C3,9,m
309.7916666666667,C2 C3,9,m
309.875,E3 C2 C3,9,m
310.0,F3 C2 C3,9,m
310.125,F#3 C2 C3,9,m
310.25,C2 C3,9,m
310.3333333333333,G3 C2 C3,9,m
310.4583333333333,C2 C3,9,m
310.5,G#3 C2 C3,9,m
310.625,C2 C3,9,m
310.6666666666667,A3 C2 C3,9,m
310.75,A3,9,m
310.875,B-3,9,m
311.0,B3 B1 B2,9,m
311.25,C4 B1 B2,9,m
311.375,C#4 C4 B1 B2,9,m
311.5,C#4 B1 B2,9,m
311.625,D4 B1 B2,9,m
311.75,E-4 D4 B1 B2,9,m
311.875,E-4,9,m
312.0,E4 B2,9,m
312.125,E4 E3,9,m
312.25,E4,9,m
312.3333333333333,E4 B2,9,m
312.4583333333333,E4,9,m
312.5,E4 A2,9,m
312.625,E4,9,m
312.6666666666667,G#2 E4,9,m
312.7916666666667,E4,9,m
312.875,E4 E2,9,m
313.0,C4 A2 C3 E3,9,m
313.125,D4 A2 C3 E3,9,m
313.25,A2 C3 E3,9,m
313.3333333333333,C4 A2 C3 E3,9,m
313.4583333333333,A2 C3 E3,9,m
313.5,B3 A2 C3 E3,9,m
313.625,A2 C3 E3,9,m
313.6666666666667,A3 A2 C3 E3,9,m
313.7916666666667,A2 C3 E3,9,m
313.875,E3,9,m
314.0,G#3 B3 E4 B2,9,m
314.125,G#3 B3 E4 E3,9,m
314.25,G#3 B3 E4,9,m
314.3333333333333,G#3 B3 E4 B2,9,m
314.4583333333333,G#3 B3 E4,9,m
314.5,G#3 B3 E4 A2,9,m
314.625,G#3 B3 E4,9,m
314.6666666666667,G#2 G#3 B3 E4,9,m
314.7916666666667,G#3 B3 E4,9,m
314.875,E2,9,m
315.0,C4 A2 C3 E3,9,m
315.125,E4 A2 C3 E3,9,m
315.25,A2 C3 E3,9,m
315.3333333333333,C4 A2 C3 E3,9,m
315.4583333333333,A2 C3 E3,9,m
315.5,B3 A2 C3 E3,9,m
315.625,A2 C3 E3,9,m
315.6666666666667,A3 A2 C3 E3,9,m
315.7916666666667,A2 C3 E3,9,m
315.875,E3,9,m
316.0,G#3 B3 E4 B2,9,m
316.125,G#3 B3 E4 E3,9,m
316.25,G#3 B3 E4,9,m
316.3333333333333,G#3 B3 E4 B2,9,m
316.4583333333333,G#3 B3 E4,9,m
316.5,G#3 B3 E4 A2,9,m
316.625,G#3 B3 E4,9,m
316.6666666666667,G#2 G#3 B3 E4,9,m
316.7916666666667,G#3 B3 E4,9,m
316.875,E2,9,m
317.0,C4 A2 C3 E3,9,m
317.125,E4 A2 C3 E3,9,m
317.25,A2 C3 E3,9,m
317.3333333333333,C4 A2 C3 E3,9,m
317.4583333333333,A2 C3 E3,9,m
317.5,B3 A2 C3 E3,9,m
317.625,A2 C3 E3,9,m
317.6666666666667,A3 A2 C3 E3,9,m
317.7916666666667,A2 C3 E3,9,m
317.875,E3,9,m
318.0,G#3 B3 E4 B2,9,m
318.125,G#3 B3 E4 E3,9,m
318.25,G#3 B3 E4,9,m
318.3333333333333,G#3 B3 E4 B2,9,m
318.4583333333333,G#3 B3 E4,9,m
318.5,G#3 B3 E4 A2,9,m
318.625,G#3 B3 E4,9,m
318.6666666666667,G#2 G#3 B3 E4,9,m
318.7916666666667,G#3 B3 E4,9,m
318.875,E2,9,m
319.0,B3 G#2 B2 E3,9,m
319.125,E4 G#2 B2 E3,9,m
319.25,G#2 B2 E3,9,m
319.3333333333333,B3 G#2 B2 E3,9,m
319.4583333333333,G#2 B2 E3,9,m
319.5,A3 G#2 B2 E3,9,m
319.625,G#2 B2 E3,9,m
319.6666666666667,G#3 G#2 B2 E3,9,m
319.7916666666667,G#2 B2 E3,9,m
319.875,E3,9,m
320.0,B-3 C2 G2 C3,9,m
320.25,E4 C2 G2 C3,9,m
320.375,B-3 E4 C2 G2 C3,9,m
320.5,B-3 C2 G2 C3,9,m
320.625,G3 C2 G2 C3,9,m
320.75,E3 G3 C2 G2 C3,9,m
320.875,E3,9,m
321.0,B-2 G1,9,m
321.25,E3 G1,9,m
321.3333333333333,E3 C2,9,m
321.5,B-2 C2,9,m
321.6666666666667,G1 B-2,9,m
321.75,G2 G1,9,m
322.0,E2 E1,9,m
322.25,G2 E1,9,m
322.3333333333333,G2 G1,9,m
322.375,B-2 G2 G1,9,m
322.5,B-2 G1,9,m
322.625,E3 G1,9,m
322.6666666666667,C2 E3,9,m
322.75,G3 E3 C2,9,m
322.875,G3 C2,9,m
323.0,B-3 G2,9,m
323.25,E-4 G2,?,?
323.3333333333333,E-4 C3,?,?
323.5,B-3 C3,?,?
323.6666666666667,G2 B-3,?,?
323.75,G3 G2,?,?
324.0,E3 C2,?,?
324.25,G3 C2,?,?
324.3333333333333,G3 G2,?,?
324.375,B-3 G3 G2,?,?
324.5,B-3 G2,?,?
324.625,E4 G2,?,?
324.6666666666667,C3 E4,?,?
324.75,G4 E4 C3,?,?
324.875,B-4 C3,?,?
325.0,B-4 G3,?,?
325.125,E5 G3,?,?
325.3333333333333,E5 C4,?,?
325.375,B-4 C4,?,?
325.625,C4,?,?
325.6666666666667,G4 G3,?,?
325.875,E4 G4 G3,?,?
325.9166666666667,E4 G3,?,?
326.0,E4 C3,?,?
326.125,G4 C3,?,?
326.3333333333333,B-4 G4 G3,?,?
326.375,B-4 G3,?,?
326.5,E5 B-4 G3,?,?
326.5833333333333,E5 G3,?,?
326.6666666666667,G5 C4 E5,?,?
326.75,G5 C4,?,?
326.875,B-5 G5 C4,?,?
326.9166666666667,B-5 C4,?,?
327.0,B-5 G4,?,?
327.125,E6 G4,?,?
327.3333333333333,B-5 E6 C5,?,?
327.375,B-5 C5,?,?
327.5833333333333,C5,?,?
327.625,G5 C5,?,?
327.6666666666667,G4 G5,?,?
327.875,G4,?,?
328.0,E5 C4,?,?
328.25,G5 C4,?,?
328.3333333333333,G5 G4,?,?
328.375,B-5 G5 G4,?,?
328.5,B-5 G4,?,?
328.625,E6 G4,?,?
328.6666666666667,C5 E6,?,?
328.75,G6 E6 C5,?,?
328.875,G6 C5,?,?
329.0,B-6 G5,?,?
329.25,E7 C6,?,?
329.375,B-6 E7 C6,?,?
329.5,B-6 G5,?,?
329.625,G6 G5,?,?
329.75,E6 G6 C5,?,?
329.875,E6 C5,?,?
330.0,B-5 G4,?,?
330.25,E6 C5,?,?
330.5,B-5 G4,?,?
330.6666666666667,G5 B-5 G4,?,?
330.75,G5 C4,?,?
330.875,E5 G5 C4,?,?
330.9166666666667,E5 C4,?,?
331.0,B-4 E5 G3,?,?
331.125,B-4 G3,?,?
331.25,E5 C4,?,?
331.5,B-4 G3,?,?
331.75,G4 C3,?,?
332.0,E4 B-3 G2,?,?
332.25,E4 C3,?,?
332.375,B-3 E4 C3,?,?
332.5,B-3 G2,?,?
332.625,G3 G2,?,?
332.75,E3 G3 C2,?,?
332.875,E3 C2,?,?
333.0,B-2 G1,?,?
333.25,E3 C2,?,?
333.375,B-2 E3 C2,?,?
333.5,B-2 G1,?,?
333.625,G2 G1,?,?
333.75,E2 G2 C1,?,?
333.875,E2 C1,?,?
334.0,B-2 G1,?,?
334.25,E3 C2,?,?
334.375,B-2 E3 C2,?,?
334.5,B-2 G1,?,?
334.625,G2 G1,?,?
334.75,E2 G2 C1,?,?
334.875,E2 C1,?,?
335.0,B-2 G1,?,?
335.25,E3 C2,?,?
335.375,B-2 E3 C2,?,?
335.5,B-2 G1,?,?
335.625,G2 G1,?,?
335.75,E2 G2 C1,?,?
335.875,E2 C1,?,?
336.0,B-2 C2,?,?
336.25,E3 C2,?,?
336.375,B-2 E3 C2,?,?
336.5,B-2 C2,?,?
336.625,G2 C2,?,?
336.75,E2 G2,?,?
336.875,E2,?,?
337.0,C2 E1,?,?
337.125,D2 E1,?,?
337.25,C#2 F1,?,?
337.375,E-2 F1,?,?
337.5,D2 F#1,?,?
337.625,E2 F#1,?,?
337.75,E-2 G1,?,?
337.875,F2 G1,?,?
338.0,E2 G#1,?,?
338.125,F#2 G#1,?,?
338.25,E2 F2 A1,?,?
338.375,G2 A1,?,?
338.5,F#2 B-1,?,?
338.625,G#2 B-1,?,?
338.75,G2 B1,?,?
338.875,A2 B1,?,?
339.0,G#2 C2,?,?
339.125,B-2 C2,?,?
339.25,A2 C#2,?,?
339.375,B2 C#2,?,?
339.5,B-2 D2,?,?
339.625,C3 D2,?,?
339.75,B2 E-2,?,?
339.875,C#3 E-2,?,?
340.0,C3 E2,?,?
340.125,D3 E2,?,?
340.25,C#3 F2,?,?
340.375,E-3 F2,?,?
340.5,D3 F#2,?,?
340.625,E3 F#2,?,?
340.75,E-3 G2,?,?
340.875,F3 G2,?,?
341.0,E3 G#2,?,?
341.125,F#3 G#2,?,?
341.25,F3 A2,?,?
341.375,G3 A2,?,?
341.5,F#3 B-2,?,?
341.625,G#3 B-2,?,?
341.75,G3 B2,?,?
341.875,A3 B2,?,?
342.0,G#3 C3,?,?
342.125,B-3 C3,0,M
342.25,A3 C#3,0,M
342.375,B3 C#3,0,M
342.5,B-3 D3,0,M
342.625,C4 D3,0,M
342.75,B3 E-3,0,M
342.875,C#4 E-3,0,M
343.0,C4 E3,0,M
343.125,D4 E3,0,M
343.25,C#4 F3,0,M
343.375,E-4 F3,0,M
343.5,D4 F#3,0,M
343.625,E4 F#3,0,M
343.75,E-4 G3,0,M
343.875,F4 G3,0,M
344.0,E4 G#3,0,M
344.125,F#4 G#3,0,M
344.25,F4 A3,0,M
344.375,G4 A3,0,M
344.5,F#4 B-3,0,M
344.625,G#4 B-3,0,M
344.75,G4 B3,0,M
344.875,A4 B3,0,M
345.0,G#4 C4,0,M
345.125,B-4 C4,0,M
345.25,A4 C#4,0,M
345.375,B4 C#4,0,M
345.5,B-4 D4,0,M
345.625,C5 D4,0,M
345.75,B4 E-4,0,M
345.875,C#5 E-4,0,M
346.0,C5 E4,0,M
346.125,D5 E4,0,M
346.25,C#5 F4,0,M
346.375,E-5 F4,0,M
346.5,D5 F#4,0,M
346.625,E5 F#4,0,M
346.75,E-5 G4,0,M
346.875,F5 G4,0,M
347.0,E5 G#4,0,M
347.125,F#5 G#4,0,M
347.25,F5 A4,0,M
347.375,G5 A4,0,M
347.5,F#5 B-4,0,M
347.625,G#5 B-4,0,M
347.75,G5 B4,0,M
347.875,A5 B4,0,M
348.0,G#5 C6,0,M
348.125,B-5 C6,0,M
348.25,A5 C#6,0,M
348.375,B5 C#6,0,M
348.5,B-5 D6,0,M
348.625,C6 D6,0,M
348.75,B5 E-6,0,M
348.875,C#6 E-6,0,M
349.0,C6 E6,0,M
349.125,D6 E6,0,M
349.25,C#6 F6,0,M
349.375,E-6 F6,0,M
349.5,D6 F#6,0,M
349.625,E6 F#6,0,M
349.75,E-6 G6,0,M
349.875,F6 G6,0,M
350.0,E6 G#6,0,M
350.125,F#6 A6,0,M
350.25,F6,0,M
350.3333333333333,F6 B-6,0,M
350.375,G6 B-6,0,M
350.4583333333333,G6,0,M
350.5,F#6 B6,0,M
350.625,G#6,0,M
350.6666666666667,C7 G#6,0,M
350.75,G6 C7,0,M
350.7916666666667,G6,0,M
350.875,A6 C#7,0,M
351.0,G#6 D7,0,M
351.125,B-6 E-7,?,?
351.25,A6,?,?
351.3333333333333,A6 E7,?,?
351.375,B6 E7,?,?
351.4583333333333,B6,?,?
351.5,B-6 F7,?,?
351.625,C7,?,?
351.6666666666667,F#7 C7,?,?
351.75,B6 F#7,?,?
351.7916666666667,B6,?,?
351.875,C#7 G7,?,?
352.0,F1 F2,?,?
353.0,D7 A2 F3 A3,?,?
353.125,F7 A2 F3 A3,?,?
353.25,A2 F3 A3,?,?
353.3333333333333,D7 A2 F3 A3,?,?
353.4583333333333,A2 F3 A3,?,?
353.5,C7 A2 F3 A3,?,?
353.625,A2 F3 A3,?,?
353.6666666666667,A6 A2 F3 A3,?,?
353.7916666666667,A2 F3 A3,?,?
353.875,F6 A2 F3 A3,?,?
354.0,D6 A2 F3 A3,?,?
354.125,F6 A2 F3 A3,?,?
354.25,A2 F3 A3,?,?
354.3333333333333,D6 A2 F3 A3,?,?
354.4583333333333,A2 F3 A3,?,?
354.5,C6 A2 F3 A3,?,?
354.625,A2 F3 A3,?,?
354.6666666666667,A5 A2 F3 A3,?,?
354.75,A5,?,?
354.875,F5,?,?
355.0,D5 A2 F3 A3,?,?
355.125,F5 A2 F3 A3,?,?
355.25,A2 F3 A3,?,?
355.3333333333333,D5 A2 F3 A3,?,?
355.4583333333333,A2 F3 A3,?,?
355.5,C5,?,?
355.6666666666667,A4,?,?
355.875,F4,?,?
356.0,D4 A2 F3 A3,?,?
356.125,F4 A2 F3 A3,?,?
356.25,A2 F3 A3,?,?
356.3333333333333,D4 A2 F3 A3,?,?
356.4583333333333,A2 F3 A3,?,?
356.5,C4,?,?
356.6666666666667,A3,?,?
356.875,F3,?,?
357.0,D3 B-2 B-3,?,?
357.125,F3 B-2 B-3,?,?
357.25,B-2 B-3,?,?
357.3333333333333,D3 B-2 B-3,?,?
357.4583333333333,B-2 B-3,?,?
357.5,C3,?,?
357.6666666666667,A2,?,?
357.875,F2,?,?
358.0,C2 C3 C4,?,?
358.5,C2,?,?
359.0,D3 D4,?,?
360.0,C3 E3 B-3 C4,?,?
360.6666666666667,C2,?,?
361.0,C2 B-2 B-3,?,?
361.2916666666667,B-2 B-3,?,?
361.3333333333333,C#2 B-2 B-3,?,?
361.875,C#2,?,?
362.0,D2 A2 A3,?,?
362.625,A2 A3,?,?
362.6666666666667,E-2 A2 A3,?,?
363.2916666666667,A2 A3,5,M
363.3333333333333,E2,5,M
363.5,E2 G#2 G#3,5,M
363.9583333333333,G#2 G#3,5,M
364.0,E2 G#2 C3 G#3,5,M
364.875,G#2 C3 G#3,5,M
365.0,F1 G#2 C3 G#3,5,M
365.75,F1,5,M
366.0,F2 A2 C3 A3,5,M
366.875,A2 C3 A3,5,M
368.0,D2 D3,5,M
369.0,D7 A2 F3 A3,5,M
369.125,F7 A2 F3 A3,5,M
369.25,A2 F3 A3,5,M
369.3333333333333,D7 A2 F3 A3,5,M
369.4583333333333,A2 F3 A3,5,M
369.5,C7 A2 F3 A3,5,M
369.625,A2 F3 A3,5,M
369.6666666666667,A6 A2 F3 A3,5,M
369.7916666666667,A2 F3 A3,5,M
369.875,F6 A2 F3 A3,5,M
370.0,D6 A2 F3 A3,5,M
370.125,F6 A2 F3 A3,5,M
370.25,A2 F3 A3,5,M
370.3333333333333,D6 A2 F3 A3,5,M
370.4583333333333,A2 F3 A3,5,M
370.5,C6 A2 F3 A3,5,M
370.625,A2 F3 A3,5,M
370.6666666666667,A5 A2 F3 A3,5,M
370.75,A5,5,M
370.875,F5,5,M
371.0,D5 A2 F3 A3,5,M
371.125,F5 A2 F3 A3,5,M
371.25,A2 F3 A3,5,M
371.3333333333333,D5 A2 F3 A3,5,M
371.4583333333333,A2 F3 A3,5,M
371.5,C5,5,M
371.6666666666667,A4,5,M
371.875,F4,5,M
372.0,D4 B-2 F3 B-3,5,M
372.125,F4 B-2 F3 B-3,?,?
372.25,B-2 F3 B-3,?,?
372.3333333333333,D4 B-2 F3 B-3,?,?
372.4583333333333,B-2 F3 B-3,?,?
372.5,C4,?,?
372.6666666666667,A3,?,?
372.875,F3,?,?
373.0,D3 C3 C4,?,?
373.125,F3 C3 C4,?,?
373.25,C3 C4,?,?
373.3333333333333,D3 C3 C4,?,?
373.4583333333333,C3 C4,?,?
373.5,C3,?,?
373.6666666666667,A2,?,?
373.875,F2,?,?
374.0,D2 D3 B-3 D4,?,?
374.5,D2,?,?
375.0,E3 E4,?,?
376.0,D4 D3 E3 B-3,?,?
376.3333333333333,D4,?,?
376.6666666666667,C2 C4 C3,?,?
377.0,C2 C4,?,?
377.3333333333333,C#2 B-2 B-3,?,?
377.6666666666667,C#2,?,?
378.0,D2 B-2 E3 B-3,?,?
378.3333333333333,D2,5,M
378.6666666666667,E-2 A2 A3,5,M
379.0,E-2,5,M
379.3333333333333,E2 G#3 G#2,5,M
379.6666666666667,E2,5,M
380.0,E2 G#2 C3 G#3,5,M
380.875,G#2 C3 G#3,10,M
381.0,F1 G#2 C3 G#3,10,M
381.75,F1,7,m
382.0,F2 A2 C3 A3,7,m
382.875,A2 C3 A3,7,m
384.0,F#1 F#2,7,m
385.0,D5 D3 B-3 D4,7,m
385.25,B-5 D3 B-3 D4,7,m
385.375,D5 B-5 D3 B-3 D4,7,m
385.5,D5 D3 B-3 D4,7,m
385.625,B-4 D3 B-3 D4,7,m
385.75,B4 B-4 D3 B-3 D4,7,m
385.875,B4 D3 B-3 D4,7,m
386.0,C5 D3 B-3 D4,7,m
386.25,C#5 D3 B-3 D4,7,m
386.375,D5 C#5 D3 B-3 D4,7,m
386.5,D5 D3 B-3 D4,7,m
386.625,E-5 D3 B-3 D4,7,m
386.75,E5 E-5,7,m
386.875,E5,7,m
387.0,F5 D3 B-3 D4,7,m
387.25,F#5 D3 B-3 D4,7,m
387.375,G5 F#5 D3 B-3 D4,7,m
387.5,G5 D3 B-3 D4,7,m
387.625,G#5 D3 B-3 D4,7,m
387.75,A5 G#5 G1 G2 D3 B-3 D4,7,m
387.875,A5 G1 G2,7,m
388.0,B-5 D3 B-3 D4,7,m
388.125,G6 D3 B-3 D4,7,m
388.25,D3 B-3 D4,7,m
388.3333333333333,B-5 D3 B-3 D4,7,m
388.4583333333333,D3 B-3 D4,7,m
388.5,G5 D3 B-3 D4,7,m
388.625,D3 B-3 D4,7,m
388.6666666666667,G#5 D3 B-3 D4,7,m
388.7916666666667,D3 B-3 D4,7,m
388.875,A5 D3 B-3 D4,7,m
389.0,B-5 D3 B-3 D4,7,m
389.125,B5 D3 B-3 D4,7,m
389.25,D3 B-3 D4,7,m
389.3333333333333,C6 D3 B-3 D4,7,m
389.4583333333333,D3 B-3 D4,7,m
389.5,C#6 D3 B-3 D4,7,m
389.625,D3 B-3 D4,7,m
389.6666666666667,D6 D3 B-3 D4,7,m
389.75,D6,7,m
389.875,E-6,7,m
390.0,E6 B-2 G3 B-3,7,m
390.125,F6 B-2 G3 B-3,7,m
390.25,B-2 G3 B-3,7,m
390.3333333333333,F#6 B-2 G3 B-3,7,m
390.4583333333333,B-2 G3 B-3,7,m
390.5,G6,7,m
390.6666666666667,G#6,7,m
390.875,A6,7,m
391.0,B-6,7,m
391.125,F#7,7,m
392.0,B1 B2,7,m
393.0,B4 G3 C#4 G4,7,m
393.25,G5 G3 C#4 G4,7,m
393.375,B4 G5 G3 C#4 G4,7,m
393.5,B4 G3 C#4 G4,7,m
393.625,G4 G3 C#4,7,m
393.75,G#4 G4 G3 C#4,7,m
393.875,G#4 G3 C#4 G4,7,m
394.0,A4 G3 C#4 G4,7,m
394.25,B-4 G3 C#4 G4,0,M
394.375,B4 B-4 G3 C#4 G4,0,M
394.5,B4 G3 C#4 G4,0,M
394.625,C5 G3 C#4 G4,0,M
394.75,C#5 C5,0,M
394.875,C#5,0,M
395.0,D5 G3 C#4 G4,0,M
395.25,E-5 G3 C#4 G4,0,M
395.375,E5 E-5 G3 C#4 G4,0,M
395.5,E5 G3 C#4 G4,0,M
395.625,F#5 G3 C#4 G4,0,M
395.75,F5 F#5 G1 G2 G3 C#4 G4,0,M
395.875,F5 G1 G2,0,M
396.0,F5 G5 G3 E4 G4,0,M
396.125,E6 F5 G5 G3 E4 G4,9,m
396.25,G3 E4 G4,9,m
396.3333333333333,G5 G3 E4 G4,9,m
396.4583333333333,G3 E4 G4,9,m
396.5,E5 G3 E4 G4,9,m
396.625,G3 E4 G4,9,m
396.6666666666667,F5 G3 E4 G4,9,m
396.7916666666667,G3 E4 G4,9,m
396.875,F#5 G3 E4 G4,9,m
397.0,G5 G3 E4 G4,9,m
397.125,G#5 G3 E4 G4,9,m
397.25,G3 E4 G4,9,m
397.3333333333333,A5 G3 E4 G4,9,m
397.4583333333333,G3 E4 G4,9,m
397.5,B-5 G3 E4 G4,9,m
397.625,G3 E4 G4,9,m
397.6666666666667,B5 G3 E4 G4,9,m
397.75,B5,9,m
397.875,C6,9,m
398.0,C#6 E3 C4 E4,9,m
398.125,D6 E3 C4 E4,9,m
398.25,E3 C4 E4,9,m
398.3333333333333,E-6 E3 C4 E4,9,m
398.4583333333333,E3 C4 E4,9,m
398.5,E6,9,m
398.6666666666667,F6,9,m
398.875,F#6,9,m
399.0,G6,9,m
399.125,E7,9,m
400.0,G#1 G#2,9,m
401.0,E5 E3 C4 E4,9,m
401.25,C6 E3 C4 E4,9,m
401.375,E5 C6 E3 C4 E4,9,m
401.5,E5 E3 C4 E4,9,m
401.625,C5 E3 C4 E4,9,m
401.75,C#5 C5 E3 C4 E4,9,m
401.875,C#5 E3 C4 E4,9,m
402.0,D5 E3 C4 E4,9,m
402.25,E-5 E3 C4 E4,9,m
402.375,E5 E-5 E3 C4 E4,9,m
402.5,E5 E3 C4 E4,9,m
402.625,F5 E3 C4 E4,9,m
402.75,F#5 F5,9,m
402.875,F#5,9,m
403.0,G5 E3 C4 E4,9,m
403.25,G#5 E3 C4 E4,9,m
403.375,A5 G#5 E3 C4 E4,9,m
403.5,A5 E3 C4 E4,9,m
403.625,B-5 E3 C4 E4,9,m
403.75,B5 B-5 A1 A2 E3 C4 E4,9,m
403.875,B5 A1 A2,9,m
404.0,C6 E3 C4 E4,9,m
404.125,A6 E3 C4 E4,9,m
404.25,E3 C4 E4,9,m
404.3333333333333,C6 E3 C4 E4,9,m
404.4583333333333,E3 C4 E4,9,m
404.5,A5 E3 C4 E4,9,m
404.625,E3 C4 E4,9,m
404.6666666666667,B-5 E3 C4 E4,9,m
404.7916666666667,E3 C4 E4,9,m
404.875,B5 E3 C4 E4,9,m
405.0,C6 E3 C4 E4,9,m
405.125,C#6 E3 C4 E4,9,m
405.25,E3 C4 E4,9,m
405.3333333333333,D6 E3 C4 E4,9,m
405.4583333333333,E3 C4 E4,9,m
405.5,E-6 E3 C4 E4,9,m
405.625,E3 C4 E4,9,m
405.6666666666667,E6 E3 C4 E4,9,m
405.75,E6,9,m
405.875,F6,9,m
406.0,F#6 C3 A3 C4,9,m
406.125,G6 C3 A3 C4,9,m
406.25,C3 A3 C4,9,m
406.3333333333333,G#6 C3 A3 C4,9,m
406.4583333333333,C3 A3 C4,9,m
406.5,A6,9,m
406.6666666666667,B-6,9,m
406.875,B6,9,m
407.0,C7,9,m
407.125,D7,9,m
408.0,G#1 G#2,9,m
409.0,B-5 E3 C4 E4,9,m
409.125,E6 E3 C4 E4,9,m
409.25,E3 C4 E4,9,m
409.3333333333333,B-5 E3 C4 E4,9,m
409.4583333333333,E3 C4 E4,9,m
409.5,A5 E3 C4 E4,9,m
409.625,E3 C4 E4,9,m
409.6666666666667,G5 E3 C4 E4,9,m
409.7916666666667,E3 C4 E4,9,m
409.875,F5 E3 C4 E4,9,m
410.0,E5 E3 C4 E4,9,m
410.125,F5 E3 C4 E4,9,m
410.25,E3 C4 E4,9,m
410.3333333333333,F#5 E3 C4 E4,9,m
410.4583333333333,E3 C4 E4,9,m
410.5,G5 E3 C4 E4,9,m
410.625,E3 C4 E4,9,m
410.6666666666667,G#5 E3 C4 E4,9,m
410.75,G#5,9,m
410.875,A5,9,m
411.0,B-5 E3 C4 E4,9,m
411.125,E6 E3 C4 E4,9,m
411.25,E3 C4 E4,9,m
411.3333333333333,B-5 E3 C4 E4,9,m
411.4583333333333,E3 C4 E4,9,m
411.5,A5 E3 C4 E4,9,m
411.625,E3 C4 E4,9,m
411.6666666666667,G5 E3 C4 E4,9,m
411.75,G5 A1 A2 E3 C4 E4,9,m
411.7916666666667,A1 A2 E3 C4 E4,9,m
411.875,E5 A1 A2,9,m
412.0,E3 C4 E4,9,m
413.0,A5 E3 C4 E4,9,m
413.125,D6 E3 C4 E4,2,m
413.25,E3 C4 E4,2,m
413.3333333333333,A5 E3 C4 E4,2,m
413.4583333333333,E3 C4 E4,2,m
413.5,G5 E3 C4 E4,2,m
413.625,E3 C4 E4,2,m
413.6666666666667,F5 E3 C4 E4,2,m
413.75,F5,2,m
413.875,E5,2,m
414.0,D5 C3 A3 C4,2,m
414.125,E-5 C3 A3 C4,2,m
414.25,C3 A3 C4,2,m
414.3333333333333,E5 C3 A3 C4,2,m
414.4583333333333,C3 A3 C4,2,m
414.5,F5,2,m
414.6666666666667,F#5,2,m
414.875,G5,2,m
415.0,G#5,2,m
415.125,A5,2,m
415.3333333333333,D6,2,m
415.5,A5,2,m
415.6666666666667,F5,2,m
415.875,D5,2,m
416.0,E2 E3,2,m
417.0,G5 A3 E4 G4 A4,2,m
417.125,C#6 A3 E4 G4 A4,2,m
417.25,A3 E4 G4 A4,2,m
417.3333333333333,G5 A3 E4 G4 A4,2,m
417.4583333333333,A3 E4 G4 A4,2,m
417.5,F#5 A3 E4 G4 A4,2,m
417.625,A3 E4 G4 A4,2,m
417.6666666666667,E5 A3 E4 G4 A4,2,m
417.7916666666667,A3 E4 G4 A4,2,m
417.875,D5 A3 E4 G4 A4,2,m
418.0,C#5 A3 E4 G4 A4,2,m
418.125,D5 A3 E4 G4 A4,2,m
418.25,A3 E4 G4 A4,2,m
418.3333333333333,E-5 A3 E4 G4 A4,2,m
418.4583333333333,A3 E4 G4 A4,2,m
418.5,E5 A3 E4 G4 A4,2,m
418.625,A3 E4 G4 A4,2,m
418.6666666666667,F5 A3 E4 G4 A4,2,m
418.75,F5,2,m
418.875,F#5,2,m
419.0,G5 A3 A4,2,m
419.125,C#6 A3 A4,2,m
419.25,A3 A4,2,m
419.3333333333333,G5 A3 A4,2,m
419.4583333333333,A3 A4,2,m
419.5,F#5 A3 A4,2,m
419.625,A3 A4,2,m
419.6666666666667,D5 A3 A4,2,m
419.7916666666667,A3 A4,2,m
419.875,C#5,2,m
420.0,D3 D4,2,m
421.0,A5 A3 F4 A4,2,m
421.125,D6 A3 F4 A4,2,m
421.25,A3 F4 A4,2,m
421.3333333333333,A5 A3 F4 A4,2,m
421.4583333333333,A3 F4 A4,2,m
421.5,G5 A3 F4 A4,2,m
421.625,A3 F4 A4,2,m
421.6666666666667,F5 A3 F4 A4,2,m
421.7916666666667,A3 F4 A4,2,m
421.875,E5 A3 F4 A4,2,m
422.0,D5 A3 F4 A4,2,m
422.125,E-5 A3 F4 A4,2,m
422.25,A3 F4 A4,2,m
422.3333333333333,E5 A3 F4 A4,2,m
422.4583333333333,A3 F4 A4,2,m
422.5,F5 A3 F4 A4,2,m
422.625,A3 F4 A4,2,m
422.6666666666667,F#5 A3 F4 A4,2,m
422.75,F#5,2,m
422.875,G5,2,m
423.0,G#5 A3 F4 A4,2,m
423.125,A5 A3 F4 A4,2,m
423.25,A3 F4 A4,2,m
423.3333333333333,D6 A3 F4 A4,2,m
423.4583333333333,A3 F4 A4,2,m
423.5,A5 A3 F4 A4,2,m
423.625,A3 F4 A4,2,m
423.6666666666667,F5 A3 F4 A4,2,m
423.7916666666667,A3 F4 A4,2,m
423.875,D5,2,m
424.0,E2 E3,2,m
425.0,G5 A3 C#4 A4,2,m
425.125,C#6 A3 C#4 A4,2,m
425.25,A3 C#4 A4,2,m
425.3333333333333,G5 A3 C#4 A4,2,m
425.4583333333333,A3 C#4 A4,2,m
425.5,F5 A3 C#4 A4,2,m
425.625,A3 C#4 A4,2,m
425.6666666666667,E5 A3 C#4 A4,2,m
425.7916666666667,A3 C#4 A4,2,m
425.875,D5 A3 C#4 A4,2,m
426.0,C#5 A3 C#4 A4,2,m
426.125,D5 A3 C#4 A4,2,m
426.25,A3 C#4 A4,2,m
426.3333333333333,E-5 A3 C#4 A4,2,m
426.4583333333333,A3 C#4 A4,2,m
426.5,E5 A3 C#4 A4,2,m
426.625,A3 C#4 A4,2,m
426.6666666666667,F5 A3 C#4 A4,2,m
426.75,F5,2,m
426.875,F#5,2,m
427.0,G5 A3 C#4 A4,2,m
427.125,C#6 A3 C#4 A4,2,m
427.25,A3 C#4 A4,2,m
427.3333333333333,G5 A3 C#4 A4,2,m
427.4583333333333,A3 C#4 A4,2,m
427.5,F5 A3 C#4 A4,2,m
427.625,A3 C#4 A4,2,m
427.6666666666667,D5 A3 C#4 A4,2,m
427.7916666666667,A3 C#4 A4,2,m
427.875,C#5,2,m
428.0,F2 F3,2,m
429.0,A5 A3 D4 A4,2,m
429.125,D6 A3 D4 A4,2,m
429.25,A3 D4 A4,2,m
429.3333333333333,A5 A3 D4 A4,2,m
429.4583333333333,A3 D4 A4,2,m
429.5,G5 A3 D4 A4,2,m
429.625,A3 D4 A4,2,m
429.6666666666667,F5 A3 D4 A4,2,m
429.7916666666667,A3 D4 A4,2,m
429.875,E5 A3 D4 A4,2,m
430.0,D5 A3 D4 A4,2,m
430.125,E-5 A3 D4 A4,2,m
430.25,A3 D4 A4,2,m
430.3333333333333,E5 A3 D4 A4,2,m
430.4583333333333,A3 D4 A4,2,m
430.5,F5 A3 D4 A4,2,m
430.625,A3 D4 A4,2,m
430.6666666666667,F#5 A3 D4 A4,2,m
430.75,F#5,2,m
430.875,G5,2,m
431.0,G#5 A3 A4,2,m
431.125,A5 A3 A4,2,m
431.25,A3 A4,2,m
431.3333333333333,D6 A3 A4,2,m
431.4583333333333,A3 A4,2,m
431.5,A5 A3 A4,2,m
431.625,A3 A4,2,m
431.6666666666667,G5 A3 A4,2,m
431.7916666666667,A3 A4,2,m
431.875,D5,2,m
432.0,F3 A3 F2,2,m
433.75,F3 A3,2,m
434.0,F3 A3 E2 E3,2,m
435.625,E2 E3,2,m
436.0,F3 B-3 D2 D3,2,m
438.0,F3 B3 C#2 C#3,5,m
440.0,F3 C4 A3 C2 C3,5,m
441.75,F3 C4 C2 C3,5,m
442.0,F3 C4 G#3 C2 C3,5,m
443.625,G#3 C2 C3,5,m
443.75,C2 C3,5,m
444.0,G3 C4 F3 C2 C3,5,m
445.75,G3 C4 C2 C3,5,m
446.0,G3 C4 E3 C2 C3,5,m
447.625,E3,5,m
448.0,F3 F1 F2,5,m
449.0,A3,5,m
449.25,C4,5,M
449.375,A3 C4,5,M
449.5,A3,5,M
449.625,F3,5,M
449.75,C3 F3,5,M
449.875,C3,5,M
450.0,A3,5,M
450.25,C4,5,M
450.375,A3 C4,5,M
450.5,A3,5,M
450.625,F3,5,M
450.75,C3 F3,5,M
450.875,C3,5,M
451.0,A3,5,M
451.25,C4,5,M
451.375,A3 C4,5,M
451.5,A3,5,M
451.625,F3,5,M
451.75,C3 F3,5,M
451.875,C3,5,M
452.0,F4 F5 A3,5,M
452.25,F4 F5 C4,5,M
452.375,F4 F5 A3 C4,5,M
452.5,F4 F5 A3,5,M
452.625,F4 F5 F3,5,M
452.75,F4 F5 C3 F3,5,M
452.875,F4 F5 C3,5,M
453.0,F4 F5 A3,5,M
453.25,F4 F5 C4,5,M
453.375,F4 F5 A3 C4,5,M
453.5,F4 F5 A3,5,M
453.625,F4 F5 F3,5,M
453.75,C3 F3,5,M
453.875,C3,5,M
454.0,F#4 F#5 A3,5,M
454.25,F#4 F#5 C4,5,M
454.375,F#4 F#5 A3 C4,5,M
454.5,F#4 F#5 A3,5,M
454.625,F#4 F#5 F3,5,M
454.75,F#4 F#5 C3 F3,5,M
454.875,F#4 F#5 C3,5,M
455.0,F#4 F#5 A3,5,M
455.25,F#4 F#5 C4,10,m
455.375,F#4 F#5 A3 C4,10,m
455.5,F#4 F#5 A3,10,m
455.625,F#4 F#5 F3,10,m
455.75,F#4 F#5 C3 F3,10,m
455.875,F#4 F#5 C3,10,m
456.0,F#4 F#5 F1 F2,10,m
456.875,F#4 F#5,10,m
457.0,F#4 F#5 A3,10,m
457.25,F#4 F#5 E-4,10,m
457.375,F#4 F#5 A3 E-4,10,m
457.5,F#4 F#5 A3,10,m
457.625,F#4 F#5 F3,10,m
457.75,C3 F3,10,m
457.875,C3,10,m
458.0,A3 A4,10,m
458.25,A3 A4 E-4,10,m
458.375,A3 A4 E-4,10,m
458.5,A3 A4,10,m
458.625,A3 A4 F3,10,m
458.75,A3 A4 C3 F3,10,m
458.875,A3 A4 C3,10,m
459.0,A3 A4,10,m
459.25,A3 A4 E-4,10,m
459.3333333333333,E-4,10,m
459.375,A3 E-4,10,m
459.5,C4 C5 A3,10,m
459.625,C4 C5 F3,10,m
459.75,C4 C5 C3 F3,10,m
459.875,C4 C5 C3,10,m
460.0,E-4 E-5 A3,10,m
460.25,E-4 E-5,10,m
460.375,E-4 E-5 A3,10,m
460.5,E-4 E-5 A3,10,m
460.625,E-4 E-5 F3,10,m
460.75,E-4 E-5 C3 F3,10,m
460.875,E-4 E-5 C3,10,m
461.0,E-4 E-5 A3,10,m
461.25,E-4 E-5,10,m
461.375,E-4 E-5 A3,10,m
461.5,E-4 E-5 A3,10,m
461.625,E-4 E-5 F3,10,m
461.75,C3 F3,10,m
461.875,C3,10,m
462.0,C#4 C#5 B-3,10,m
462.25,C#4 C#5,10,m
462.375,C#4 C#5 B-3,10,m
462.5,C#4 C#5 B-3,10,m
462.625,C#4 C#5 F3,10,m
462.75,C#4 C#5 C#3 F3,10,m
462.875,C#3,10,m
463.0,B-3,10,m
463.25,C#4,10,m
463.375,B-3 C#4,10,m
463.5,B-3,10,m
463.625,F3,10,m
463.75,C#3 F3,10,m
463.875,C#3,10,m
464.0,F1 F2,10,m
465.0,B3,10,m
465.25,E-4,10,m
465.375,B3 E-4,10,m
465.5,B3,10,m
465.625,F3,10,m
465.75,E-3 F3,10,m
465.875,E-3,10,m
466.0,B3,10,m
466.25,E-4,10,m
466.375,B3 E-4,10,m
466.5,B3,10,m
466.625,F3,10,m
466.75,E-3 F3,10,m
466.875,E-3,10,m
467.0,B3,10,m
467.25,E-4,10,m
467.375,B3 E-4,10,m
467.5,B3,10,m
467.625,F3,10,m
467.75,E-3 F3,10,m
467.875,E-3,10,m
468.0,B-4 B-5 C#4,10,m
468.25,B-4 B-5 F4,10,m
468.375,B-4 B-5 C#4 F4,10,m
468.5,B-4 B-5 C#4,10,m
468.625,B-4 B-5 B-3,10,m
468.75,B-4 B-5 F3 B-3,10,m
468.875,B-4 B-5 F3,10,m
469.0,B-4 B-5 C#4,10,m
469.25,B-4 B-5 F4,10,m
469.375,B-4 B-5 C#4 F4,10,m
469.5,B-4 B-5 C#4,10,m
469.625,B-4 B-5 B-3,10,m
469.75,F3 B-3,10,m
469.875,F3,10,m
470.0,C#5 C#6 C#4,10,m
470.25,C#5 C#6 F4,10,m
470.375,C#5 C#6 C#4 F4,10,m
470.5,C#5 C#6 C#4,10,m
470.625,C#5 C#6 B-3,10,m
470.75,C#5 C#6 F3 B-3,10,m
470.875,C#5 C#6 F3,10,m
471.0,C#5 C#6 C#4,10,m
471.25,C#5 C#6 F4,10,m
471.375,C#5 C#6 C#4 F4,10,m
471.5,C#5 C#6 C#4,10,m
471.625,C#5 C#6 B-3,10,m
471.75,C#5 C#6 F3 B-3,10,m
471.875,C#5 C#6 F3,10,m
472.0,C#5 C#6 F1 F2,10,m
472.875,C#5 C#6,10,m
473.0,C#5 C#6 C#4,10,m
473.25,C#5 C#6 G4,5,M
473.375,C#5 C#6 C#4 G4,5,M
473.5,C#5 C#6 C#4,5,M
473.625,C#5 C#6 B-3,5,M
473.75,E3 B-3,5,M
473.875,E3,5,M
474.0,E4 E5 C#4,5,M
474.25,E4 E5 G4,5,M
474.375,E4 E5 C#4 G4,5,M
474.5,E4 E5 C#4,5,M
474.625,E4 E5 B-3,5,M
474.75,E4 E5 E3 B-3,5,M
474.875,E4 E5 E3,5,M
475.0,E4 E5 C#4,5,M
475.25,E4 E5 G4,5,M
475.3333333333333,G4,5,M
475.375,C#4 G4,5,M
475.5,G4 G5 C#4,5,M
475.625,G4 G5 B-3,5,M
475.75,G4 G5 E3 B-3,5,M
475.875,G4 G5 E3,5,M
476.0,B-4 B-5 C#4,5,M
476.25,B-4 B-5 G4,5,M
476.375,B-4 B-5 C#4 G4,5,M
476.5,B-4 B-5 C#4,5,M
476.625,B-4 B-5 B-3,5,M
476.75,B-4 B-5 E3 B-3,5,M
476.875,B-4 B-5 E3,5,M
477.0,B-4 B-5 C#4,5,M
477.25,B-4 B-5 G4,5,M
477.375,B-4 B-5 C#4 G4,5,M
477.5,B-4 B-5 C#4,5,M
477.625,B-4 B-5 B-3,5,M
477.75,E3 B-3,5,M
477.875,E3,5,M
478.0,A4 A5 C4,5,M
478.25,A4 A5,5,M
478.375,A4 A5 C4,5,M
478.5,A4 A5 C4,5,M
478.625,A4 A5 A3,5,M
478.75,A4 A5 F3 A3,5,M
478.875,F3,5,M
479.0,C4,5,M
479.25,A4,5,M
479.375,C4 A4,5,M
479.5,C4,5,M
479.625,A3,5,M
479.75,F3 A3,5,M
479.875,F3,5,M
480.0,F2 F3,5,M
481.0,A4,5,M
481.25,C5,5,M
481.375,A4 C5,5,M
481.5,A4,5,M
481.625,F4,5,M
481.75,C4 F4,5,M
481.875,C4,5,M
482.0,A4,5,M
482.25,C5,5,M
482.375,A4 C5,5,M
482.5,A4,5,M
482.625,F4,5,M
482.75,C4 F4,5,M
482.875,C4,5,M
483.0,A4,5,M
483.25,C5,5,M
483.375,A4 C5,5,M
483.5,A4,5,M
483.625,F4,5,M
483.75,C4 F4,5,M
483.875,C4,5,M
484.0,F5 F6 A4,5,M
484.25,F5 F6 C5,5,M
484.375,F5 F6 A4 C5,5,M
484.5,F5 F6 A4,5,M
484.625,F5 F6 F4,5,M
484.75,F5 F6 C4 F4,5,M
484.875,F5 F6 C4,5,M
485.0,F5 F6 A4,5,M
485.25,F5 F6 C5,5,M
485.375,F5 F6 A4 C5,5,M
485.5,F5 F6 A4,5,M
485.625,F5 F6 F4,5,M
485.75,C4 F4,5,M
485.875,C4,5,M
486.0,F#5 F#6 A4,5,M
486.25,F#5 F#6 C5,5,M
486.375,F#5 F#6 A4 C5,5,M
486.5,F#5 F#6 A4,5,M
486.625,F#5 F#6 F4,5,M
486.75,F#5 F#6 C4 F4,5,M
486.875,F#5 F#6 C4,5,M
487.0,F#5 F#6 A4,5,M
487.25,F#5 F#6 C5,10,m
487.375,F#5 F#6 A4 C5,10,m
487.5,F#5 F#6 A4,10,m
487.625,F#5 F#6 F4,10,m
487.75,F#5 F#6 C4 F4,10,m
487.875,F#5 F#6 C4,10,m
488.0,F#5 F#6 F2 F3,10,m
488.875,F#5 F#6,10,m
489.0,F#5 F#6 A4,10,m
489.25,F#5 F#6 E-5,10,m
489.375,F#5 F#6 A4 E-5,10,m
489.5,F#5 F#6 A4,10,m
489.625,F#5 F#6 F4,10,m
489.75,C4 F4,10,m
489.875,C4,10,m
490.0,A4 A5,10,m
490.25,A4 A5 E-5,10,m
490.375,A4 A5 E-5,10,m
490.5,A4 A5,10,m
490.625,A4 A5 F4,10,m
490.75,A4 A5 C4 F4,10,m
490.875,A4 A5 C4,10,m
491.0,A4 A5,10,m
491.25,A4 A5 E-5,10,m
491.3333333333333,E-5,10,m
491.375,A4 E-5,10,m
491.5,C5 C6 A4,10,m
491.625,C5 C6 F4,10,m
491.75,C5 C6 C4 F4,10,m
491.875,C5 C6 C4,10,m
492.0,E-5 E-6 A4,10,m
492.25,E-5 E-6,10,m
492.375,E-5 E-6 A4,10,m
492.5,E-5 E-6 A4,10,m
492.625,E-5 E-6 F4,10,m
492.75,E-5 E-6 C4 F4,10,m
492.875,E-5 E-6 C4,10,m
493.0,E-5 E-6 A4,10,m
493.25,E-5 E-6,10,m
493.375,E-5 E-6 A4,10,m
493.5,E-5 E-6 A4,10,m
493.625,E-5 E-6 F4,10,m
493.75,C4 F4,10,m
493.875,C4,10,m
494.0,C#5 C#6 B-4,10,m
494.25,C#5 C#6,10,m
494.375,C#5 C#6 B-4,10,m
494.5,C#5 C#6 B-4,10,m
494.625,C#5 C#6 F4,10,m
494.75,C#5 C#6 C#4 F4,10,m
494.875,C#4,10,m
495.0,B-4,10,m
495.25,C#5,10,m
495.375,B-4 C#5,10,m
495.5,B-4,10,m
495.625,F4,10,m
495.75,C#4 F4,10,m
495.875,C#4,10,m
496.0,F2 F3,10,m
497.0,B-4,10,m
497.25,C#5,10,m
497.375,B-4 C#5,10,m
497.5,B-4,10,m
497.625,F4,10,m
497.75,C#4 F4,10,m
497.875,C#4,10,m
498.0,B-4,10,m
498.25,C#5,10,m
498.375,B-4 C#5,10,m
498.5,B-4,10,m
498.625,F4,10,m
498.75,C#4 F4,10,m
498.875,C#4,10,m
499.0,B-4,10,m
499.25,C#5,10,m
499.375,B-4 C#5,10,m
499.5,B-4,10,m
499.625,F4,10,m
499.75,C#4 F4,10,m
499.875,C#4,10,m
500.0,B-6 C#5 B-4 B-5,10,m
500.25,B-6 F5 B-4 B-5,10,m
500.375,B-6 C#5 F5 B-4 B-5,10,m
500.5,B-6 C#5 B-4 B-5,10,m
500.625,B-6 B-4 B-5,10,m
500.75,B-6 F4 B-4 B-5,10,m
500.875,B-6 F4 B-4 B-5,10,m
501.0,B-6 C#5 B-4 B-5,10,m
501.25,B-6 F5 B-4 B-5,10,m
501.375,B-6 C#5 F5 B-4 B-5,10,m
501.5,B-6 C#5 B-4 B-5,10,m
501.625,B-6 B-4 B-5,10,m
501.75,F4 B-4,10,m
501.875,F4,10,m
502.0,C#7 C#5 C#6,10,m
502.25,C#7 F5 C#5 C#6,10,m
502.5,C#7 C#5 C#6,10,m
502.6666666666667,B-4 C#7 C#5 C#6,10,m
502.75,C#7 B-4 C#5 C#6,10,m
502.875,C#7 F4 B-4 C#5 C#6,10,m
502.9166666666667,C#7 F4 C#5 C#6,10,m
503.0,C#7 C#5 F4 C#6,10,m
503.125,C#7 C#5 C#6,10,m
503.25,C#7 F5 C#5 C#6,10,m
503.5,C#7 C#5 C#6,10,m
503.6666666666667,B-4 C#7 C#5 C#6,10,m
503.75,C#7 B-4 C#5 C#6,10,m
503.875,C#7 F4 B-4 C#5 C#6,10,m
503.9166666666667,C#7 F4 C#5 C#6,10,m
504.0,C#7 F4 C#5 C#6 F2 F3,10,m
504.125,C#7 C#5 C#6 F2 F3,10,m
504.875,C#7 C#5 C#6,10,m
505.0,C#7 C#5 C#6,10,m
505.25,C#7 G5 C#5 C#6,10,m
505.375,C#7 C#5 G5 C#6,10,m
505.5,C#7 C#5 C#6,10,m
505.625,C#7 B-4 C#5 C#6,10,m
505.75,C#7 E4 B-4 C#5 C#6,10,m
505.875,C#7 E4 C#5 C#6,10,m
506.0,C#7 C#5 C#6,10,m
506.25,C#7 G5 C#5 C#6,2,m
506.375,C#7 C#5 G5 C#6,2,m
506.5,E-6 C#5 E-4 E-5,2,m
506.625,E-6 B-4 E-4 E-5,2,m
506.75,E-6 E4 B-4 E-4 E-5,2,m
506.875,E-6 E4 E-4 E-5,2,m
507.0,E6 C#5 E4 E5,2,m
507.25,E6 G5 E4 E5,2,m
507.375,E6 C#5 G5 E4 E5,2,m
507.5,E6 C#5 E4 E5,2,m
507.625,E6 B-4 E4 E5,2,m
507.6666666666667,B-4,2,m
507.75,G6 E4 B-4 G4 G5,2,m
507.875,G6 E4 G4 G5,2,m
508.0,B-6 C#5 B-4 B-5,2,m
508.25,B-6 G5 B-4 B-5,2,m
508.375,B-6 C#5 G5 B-4 B-5,2,m
508.5,B-6 C#5 B-4 B-5,2,m
508.625,B-6 B-4 B-5,2,m
508.75,B-6 E4 B-4 B-5,2,m
508.875,B-6 E4 B-4 B-5,2,m
509.0,B-6 C#5 B-4 B-5,2,m
509.25,B-6 G5 B-4 B-5,2,m
509.375,B-6 C#5 G5 B-4 B-5,2,m
509.5,B-6 C#5 B-4 B-5,2,m
509.625,B-6 B-4 B-5,2,m
509.75,E4 B-4,2,m
509.875,E4,2,m
510.0,A6 C5 A4 A5,2,m
510.25,A6 A4 A5,2,m
510.375,A6 C5 A4 A5,2,m
510.5,A6 C5 A4 A5,2,m
510.625,A6 A4 A5,2,m
510.75,A6 F4 A4 A5,2,m
510.875,F4,2,m
511.0,C5,2,m
511.25,A5,2,m
511.375,C5 A5,2,m
511.5,C5,2,m
511.625,A4,2,m
511.75,F4 A4,2,m
511.875,F4,2,m
512.0,F2 F3,2,m
513.0,A5 A6 A4,2,m
513.25,A5 A6 C#5,2,m
513.375,A5 A6 A4 C#5,2,m
513.5,A5 A6 A4,2,m
513.625,A5 A6 E4,2,m
513.75,A5 A6 C#4 E4,2,m
513.875,A5 A6 C#4,2,m
514.0,A5 A6 A4,2,m
514.25,A5 A6 C#5,2,m
514.375,A5 A6 A4 C#5,2,m
514.5,A5 A6 A4,2,m
514.625,A5 A6 E4,2,m
514.75,A5 A6 C#4 E4,2,m
514.875,A5 A6 C#4,2,m
515.0,A5 A6 A4,2,m
515.25,A5 A6 C#5,2,m
515.5,A5 A6 A4,2,m
515.6666666666666,A5 A6 E4 A4,2,m
515.75,A5 A6 E4,2,m
515.875,A5 A6 C#4 E4,2,m
515.9166666666666,A5 A6 C#4,2,m
516.0,A5 A6 A4,2,m
516.25,A5 A6 C5,2,m
516.375,A5 A6 A4 C5,2,m
516.5,A5 A6 A4,2,m
516.625,A5 A6 F4,2,m
516.75,A5 A6 C4 F4,2,m
516.875,A5 A6 C4,2,m
517.0,A5 A6 A4,2,m
517.25,A5 A6 C5,?,?
517.375,A5 A6 A4 C5,?,?
517.5,A5 A6 A4,?,?
517.625,A5 A6 F4,?,?
517.75,A5 A6 C4 F4,?,?
517.875,A5 A6 C4,?,?
518.0,A5 A6 A4,?,?
518.25,A5 A6 C5,?,?
518.375,A5 A6 A4 C5,?,?
518.5,A5 A6 A4,?,?
518.625,A5 A6 F4,?,?
518.6666666666666,F4,?,?
518.75,C4 F4,?,?
518.875,C4,?,?
519.0,A4,?,?
519.25,C5,?,?
519.375,A4 C5,?,?
519.5,A4,?,?
519.625,F4,?,?
519.75,C4 F4,?,?
519.875,C4,?,?
520.0,F2 F3,?,?
521.0,A6 A4 A5 C#4,?,?
521.25,A6 A4 A5 E4,?,?
521.375,A6 A4 A5 C#4 E4,?,?
521.5,A6 A4 A5 C#4,?,?
521.625,A6 A4 A5 A3,?,?
521.75,A6 A4 A5 E3 A3,?,?
521.875,A6 A4 A5 E3,?,?
522.0,A6 A4 A5 C#4,?,?
522.25,A6 A4 A5 E4,?,?
522.375,A6 A4 A5 C#4 E4,?,?
522.5,A6 A4 A5 C#4,?,?
522.625,A6 A4 A5 A3,?,?
522.75,A6 A4 A5 E3 A3,?,?
522.875,A6 A4 A5 E3,?,?
523.0,A6 A4 A5 C#4,?,?
523.25,A6 A4 A5 E4,?,?
523.375,A6 A4 A5 C#4 E4,?,?
523.5,A6 A4 A5 C#4,?,?
523.625,A6 A4 A5 A3,?,?
523.75,A6 A4 A5 E3 A3,?,?
523.875,A6 A4 A5 E3,?,?
524.0,A5 A3 A4 C4,?,?
524.25,A5 A3 A4 F4,2,m
524.375,A5 A3 A4 C4 F4,2,m
524.5,A5 A3 A4 C4,2,m
524.625,A5 A3 A4,2,m
524.75,A5 A3 A4 F3,2,m
524.875,A5 A3 A4 F3,2,m
525.0,A5 A3 A4 C4,2,m
525.25,A5 A3 A4 F4,2,m
525.375,A5 A3 A4 C4 F4,2,m
525.5,A5 A3 A4 C4,2,m
525.625,A5 A3 A4,2,m
525.75,A5 A3 A4 F3,2,m
525.875,A5 A3 A4 F3,2,m
526.0,A5 A3 A4 C4,2,m
526.25,A5 A3 A4 F4,2,m
526.375,A5 A3 A4 C4 F4,2,m
526.5,A5 A3 A4 C4,2,m
526.625,A5 A3 A4,2,m
526.6666666666666,A3,2,m
526.75,F3 A3,2,m
526.875,F3,2,m
527.0,C4,2,m
527.25,F4,2,m
527.375,C4 F4,2,m
527.5,C4,2,m
527.625,A3,2,m
527.75,F3 A3,2,m
527.875,F3,2,m
528.0,F1 F2,2,m
529.0,A4 A3,2,m
529.25,A4 C#4,2,m
529.375,A4 A3 C#4,2,m
529.5,A4 A3,2,m
529.625,A4 E3,2,m
529.75,A4 C#3 E3,2,m
529.875,A4 C#3,2,m
530.0,A4 A3,2,m
530.25,A4 C#4,2,m
530.375,A4 A3 C#4,2,m
530.5,A4 A3,2,m
530.625,A4 E3,2,m
530.75,A4 C#3 E3,2,m
530.875,A4 C#3,2,m
531.0,A4 A3,2,m
531.25,A4 C#4,2,m
531.375,A4 A3 C#4,2,m
531.5,A4 A3,2,m
531.625,A4 E3,2,m
531.75,A4 C#3 E3,2,m
531.875,A4 C#3,2,m
532.0,A4,2,m
533.0,A4 A3,2,m
533.25,A4 C4,2,m
533.375,A4 A3 C4,2,m
533.5,A4 A3,2,m
533.625,A4 E3,2,m
533.75,A4 C3 E3,2,m
533.875,A4 C3,2,m
534.0,A4 A3,2,m
534.25,A4 C4,?,?
534.375,A4 A3 C4,?,?
534.5,A4 A3,?,?
534.625,A4 E3,?,?
534.6666666666666,E3,?,?
534.75,C3 E3,?,?
534.875,C3,?,?
535.0,A3,?,?
535.25,C4,?,?
535.375,A3 C4,?,?
535.5,A3,?,?
535.625,E3,?,?
535.75,C3 E3,?,?
535.875,C3,?,?
536.0,F1 F2,?,?
537.0,A3 C#3,?,?
537.25,A3 E3,?,?
537.375,A3 C#3 E3,?,?
537.5,A3 C#3,?,?
537.625,A3 A2,?,?
537.75,A3 E2 A2,?,?
537.875,A3 E2,?,?
538.0,A3 C#3,?,?
538.25,A3 E3,?,?
538.375,A3 C#3 E3,?,?
538.5,A3 C#3,?,?
538.625,A3 A2,?,?
538.75,A3 E2 A2,?,?
538.875,A3 E2,?,?
539.0,A3 C#3,?,?
539.25,A3 E3,5,M
539.375,A3 C#3 E3,5,M
539.5,A3 C#3,5,M
539.625,A3 A2,5,M
539.75,A3 E2 A2,5,M
539.875,A3 E2,5,M
540.0,A3 C3,5,M
540.25,A3 F3,5,M
540.375,A3 C3 F3,5,M
540.5,A3 C3,5,M
540.625,A3 A2,5,M
540.75,A3 F2 A2,5,M
540.875,A3 F2,5,M
541.0,A3 C3,5,M
541.25,A3 F3,5,M
541.375,A3 C3 F3,5,M
541.5,A3 C3,5,M
541.625,A3 A2,5,M
541.75,A3 F2 A2,5,M
541.875,A3 F2,5,M
542.0,A3 C3,5,M
542.25,A3 F3,5,M
542.375,A3 C3 F3,5,M
542.5,A3 C3,5,M
542.625,A3 A2,5,M
542.6666666666666,A2,5,M
542.75,F2 A2,5,M
542.875,F2,5,M
543.0,C3,5,M
543.25,F3,5,M
543.375,C3 F3,5,M
543.5,C3,5,M
543.625,A2,5,M
543.75,F2 A2,5,M
543.875,F2,5,M
544.0,A2,5,M
544.25,F3,5,M
544.5,A2,5,M
544.75,F2,5,M
545.0,F#2,5,M
545.25,G2,5,M
545.375,G#2 G2,5,M
545.5,G#2,5,M
545.625,A2,5,M
545.75,B-2 A2,5,M
545.875,B-2,5,M
546.0,B2,5,M
546.25,C3,5,M
546.375,C#3 C3,5,M
546.5,C#3,5,M
546.625,D3,5,M
546.75,E-3 D3,5,M
546.875,E-3,5,M
547.0,E3,5,M
547.25,F3,5,M
547.375,F#3 F3,5,M
547.5,F#3,5,M
547.625,G3,5,M
547.75,G#3 G3,5,M
547.875,G#3,5,M
548.0,A3,5,M
548.25,F4,5,M
548.5,A3,5,M
548.75,F3,5,M
549.0,F#3,5,M
549.25,G3,5,M
549.375,G#3 G3,5,M
549.5,G#3,5,M
549.625,A3,5,M
549.75,B-3 A3,5,M
549.875,B-3,5,M
550.0,B3,5,M
550.25,C4,5,M
550.375,C#4 C4,5,M
550.5,C#4,5,M
550.625,D4,5,M
550.75,E-4 D4,5,M
550.875,E-4,5,M
551.0,E4,5,M
551.25,F4,2,m
551.375,F#4 F4,2,m
551.5,F#4,2,m
551.625,G4,2,m
551.75,G#4 G4,2,m
551.875,G#4,2,m
552.0,A5 A4,2,m
552.25,F6 F5,2,m
552.5,A5 A4,2,m
552.75,F5 F4,2,m
553.0,F#5 F#4,2,m
553.25,G5 G4,5,M
553.375,G#5 G5 G#4 G4,5,M
553.5,G#5 G#4,5,M
553.625,A5 A4,5,M
553.75,B-5 A5 B-4 A4,5,M
553.875,B-5 B-4,5,M
554.0,B5 B4,5,M
554.25,C6 C5,5,M
554.375,C#6 C6 C#5 C5,5,M
554.5,C#6 C#5,5,M
554.625,D6 D5,5,M
554.75,E-6 D6 E-5 D5,5,M
554.875,E-6 E-5,5,M
555.0,E6 E5,5,M
555.25,F6 F5,5,M
555.375,F#6 F6 F#5 F5,5,M
555.5,F#6 F#5,5,M
555.625,G6 G5,5,M
555.75,G#6 G6 G#5 G5,5,M
555.875,G#6 G#5,5,M
556.0,A7 A6 A5,5,M
560.0,F4 A2,5,M
560.125,C5 F4 C3 A2,5,M
560.25,A5 F4 C5 F3 A2 C3,5,M
560.375,F4 C5 A5 C4 A2 C3 F3,5,M
561.25,A2 C3 F3 C4,5,M
564.0,F3 F1 F2,?,?
